{
  "action_head.model.transformer_blocks.0.attn1": {
    "all": [
      1.399999976158142,
      1.399999976158142,
      1.3529603481292725,
      1.399999976158142,
      1.3152765035629272,
      1.3861072063446045,
      1.35244619846344,
      1.3915836811065674,
      1.3505531549453735,
      1.399999976158142,
      1.2571806907653809,
      1.237942099571228,
      1.399999976158142,
      1.367030143737793,
      1.399999976158142,
      1.3978416919708252,
      1.3605554103851318,
      1.3449187278747559,
      1.3393561840057373,
      1.3503385782241821,
      1.399999976158142,
      1.3925305604934692,
      1.399999976158142,
      1.399999976158142,
      1.3443701267242432,
      1.3883413076400757,
      1.399999976158142,
      1.3397912979125977,
      1.399999976158142,
      1.399999976158142,
      1.3935083150863647,
      1.2861242294311523
    ],
    "beta": 1.0
  },
  "action_head.model.transformer_blocks.1.attn1": {
    "all": [
      1.02300226688385,
      0.9793767333030701,
      0.8739200830459595,
      1.399999976158142,
      0.8823481202125549,
      0.9077450633049011,
      1.3654876947402954,
      0.9563471078872681,
      1.1353591680526733,
      0.8887909650802612,
      1.0688116550445557,
      0.9464856386184692,
      1.0,
      1.1878944635391235,
      1.066511869430542,
      1.0477620363235474,
      1.1634901762008667,
      0.8586275577545166,
      1.033845067024231,
      1.0333937406539917,
      0.9073042273521423,
      1.0,
      1.1018379926681519,
      0.8905930519104004,
      0.9538854956626892,
      1.1666078567504883,
      0.953095555305481,
      1.0,
      0.8530117273330688,
      1.399999976158142,
      0.8328968286514282,
      0.7095668315887451
    ],
    "beta": 0.8015880278612124
  },
  "action_head.model.transformer_blocks.10.attn1": {
    "all": [
      1.3183130025863647,
      1.2620131969451904,
      1.399999976158142,
      1.3078888654708862,
      1.1416687965393066,
      1.343457818031311,
      1.399999976158142,
      1.180706262588501,
      1.39650559425354,
      1.3948562145233154,
      1.282125473022461,
      1.399999976158142,
      1.399999976158142,
      1.1941614151000977,
      1.389866828918457,
      1.399999976158142,
      1.243320345878601,
      1.399999976158142,
      1.399999976158142,
      0.9550901651382446,
      1.2398900985717773,
      1.399999976158142,
      1.240551471710205,
      1.3845372200012207,
      1.399999976158142,
      1.3950490951538086,
      1.1964778900146484,
      1.399999976158142,
      1.3115317821502686,
      1.399999976158142,
      1.367360234260559,
      1.2546242475509644
    ],
    "beta": 1.0871352438855462
  },
  "action_head.model.transformer_blocks.11.attn1": {
    "all": [
      1.0621801614761353,
      0.9710089564323425,
      1.0908924341201782,
      1.0440237522125244,
      1.0,
      1.0,
      1.1128252744674683,
      0.8203545212745667,
      1.1743565797805786,
      0.8292142748832703,
      0.9358603358268738,
      1.026071548461914,
      0.8908409476280212,
      1.0,
      1.160117745399475,
      1.033276081085205,
      1.0,
      0.9414759874343872,
      1.0,
      0.902113676071167,
      1.0397509336471558,
      0.9150080680847168,
      1.0,
      1.026942253112793,
      0.9404730796813965,
      1.1492996215820312,
      0.8477904200553894,
      1.0400277376174927,
      1.02605140209198,
      0.859990119934082,
      1.0431687831878662,
      1.0422515869140625
    ],
    "beta": 1.0
  },
  "action_head.model.transformer_blocks.12.attn1": {
    "all": [
      1.3662748336791992,
      1.34073007106781,
      1.354297161102295,
      1.2623565196990967,
      1.2699700593948364,
      0.9738473892211914,
      1.306199073791504,
      1.2279300689697266,
      1.1605913639068604,
      1.215032696723938,
      1.269595742225647,
      1.399999976158142,
      1.023973822593689,
      1.0,
      1.3080066442489624,
      1.2421849966049194,
      1.399999976158142,
      1.1474800109863281,
      1.2492759227752686,
      1.143828272819519,
      1.280954360961914,
      1.399999976158142,
      1.291538119316101,
      1.1376566886901855,
      1.3584259748458862,
      1.2849856615066528,
      1.399999976158142,
      1.107205867767334,
      1.0231260061264038,
      1.0,
      1.2838709354400635,
      1.1641783714294434
    ],
    "beta": 1.148449639764914
  },
  "action_head.model.transformer_blocks.13.attn1": {
    "all": [
      1.1817312240600586,
      1.0728660821914673,
      1.0993205308914185,
      1.0737415552139282,
      1.387442708015442,
      1.0650880336761475,
      1.0,
      1.0988041162490845,
      1.0585877895355225,
      0.7773799896240234,
      0.9568175077438354,
      0.9587482810020447,
      0.9051797389984131,
      1.0435161590576172,
      1.2876602411270142,
      0.9053203463554382,
      1.0337004661560059,
      1.0243895053863525,
      1.1599904298782349,
      1.0,
      1.0,
      0.9322375059127808,
      1.0728416442871094,
      1.1254191398620605,
      1.1955245733261108,
      1.140631079673767,
      1.0,
      1.0,
      1.0363916158676147,
      1.3130605220794678,
      0.8981002569198608,
      1.0787533521652222
    ],
    "beta": 1.0652475903514607
  },
  "action_head.model.transformer_blocks.14.attn1": {
    "all": [
      1.193608045578003,
      1.2190335988998413,
      1.1365270614624023,
      1.0,
      1.1384328603744507,
      1.2061692476272583,
      0.9622946381568909,
      1.2529593706130981,
      1.2770321369171143,
      1.1488193273544312,
      1.399999976158142,
      1.399999976158142,
      1.0940332412719727,
      1.399999976158142,
      1.3683788776397705,
      1.399999976158142,
      1.399999976158142,
      1.399999976158142,
      1.399999976158142,
      1.185365080833435,
      1.188448190689087,
      1.399999976158142,
      1.0786454677581787,
      1.399999976158142,
      1.1465789079666138,
      1.1400827169418335,
      1.2809897661209106,
      1.1756583452224731,
      1.399999976158142,
      1.2181066274642944,
      1.0563709735870361,
      1.1837998628616333
    ],
    "beta": 1.318961214176181
  },
  "action_head.model.transformer_blocks.15.attn1": {
    "all": [
      1.0,
      1.0894434452056885,
      1.399999976158142,
      1.0,
      1.0,
      0.8925454616546631,
      1.177094578742981,
      1.0319666862487793,
      1.180119514465332,
      1.137121558189392,
      1.0,
      1.0348260402679443,
      1.0,
      0.9345738887786865,
      0.9754712581634521,
      1.0,
      1.0842394828796387,
      1.1173986196517944,
      1.1221377849578857,
      0.9215705990791321,
      1.1925476789474487,
      0.9534828066825867,
      1.0,
      1.0773919820785522,
      1.1314698457717896,
      1.1381348371505737,
      1.082517147064209,
      0.8946458101272583,
      1.0,
      0.9779325723648071,
      1.1124237775802612,
      1.0851752758026123
    ],
    "beta": 1.0
  },
  "action_head.model.transformer_blocks.2.attn1": {
    "all": [
      1.1242039203643799,
      1.3706421852111816,
      1.2542527914047241,
      1.399999976158142,
      1.263263463973999,
      1.2594642639160156,
      1.343135118484497,
      1.1945587396621704,
      1.399999976158142,
      1.399999976158142,
      1.399999976158142,
      1.3649749755859375,
      1.399999976158142,
      1.399999976158142,
      1.330199956893921,
      1.399999976158142,
      1.239732027053833,
      1.399999976158142,
      1.3576018810272217,
      1.399999976158142,
      1.319718599319458,
      1.3055551052093506,
      1.3509585857391357,
      1.399999976158142,
      1.399999976158142,
      1.19468092918396,
      1.1620960235595703,
      1.057725191116333,
      1.2636628150939941,
      1.399999976158142,
      1.2291210889816284,
      1.399999976158142
    ],
    "beta": 1.4139232670392659
  },