{
  "action_head.model.transformer_blocks.0.attn1": {
    "all": [
      1.399999976158142,
      1.2348154783248901,
      1.399999976158142,
      1.3107481002807617,
      1.3822009563446045,
      1.3629529476165771,
      1.358491063117981,
      1.3459959030151367,
      1.399999976158142,
      1.3568216562271118,
      1.399999976158142,
      1.3752375841140747,
      1.3552353382110596,
      1.3304955959320068,
      1.399999976158142,
      1.399999976158142,
      1.3460943698883057,
      1.2352250814437866,
      1.3956278562545776,
      1.399999976158142,
      1.399999976158142,
      1.3717844486236572,
      1.399999976158142,
      1.399999976158142,
      1.399999976158142,
      1.2125784158706665,
      1.399999976158142,
      1.399999976158142,
      1.3709547519683838,
      1.3948391675949097,
      1.399999976158142,
      1.3467098474502563
    ],
    "beta": 1.1151874135516469
  },
  "action_head.model.transformer_blocks.1.attn1": {
    "all": [
      1.0,
      0.9693111777305603,
      1.0616323947906494,
      1.1390552520751953,
      0.9479718208312988,
      0.8477951288223267,
      1.399999976158142,
      1.0356874465942383,
      1.043967843055725,
      0.9788998961448669,
      1.0613598823547363,
      0.9458703398704529,
      0.9296908974647522,
      1.0,
      1.0591224431991577,
      0.9187563061714172,
      1.0,
      0.9263355731964111,
      1.1950818300247192,
      1.0,
      0.9619734287261963,
      1.0,
      1.1176624298095703,
      1.0547486543655396,
      0.9768876433372498,
      1.0,
      0.9512588977813721,
      1.0427521467208862,
      1.102607250213623,
      1.2467241287231445,
      1.0410655736923218,
      0.760608971118927
    ],
    "beta": 1.0699114069579256
  },
  "action_head.model.transformer_blocks.10.attn1": {
    "all": [
      1.245082974433899,
      1.399999976158142,
      1.2551078796386719,
      1.399999976158142,
      1.2672395706176758,
      1.1065021753311157,
      1.399999976158142,
      1.399999976158142,
      1.0465563535690308,
      1.1842747926712036,
      1.2468798160552979,
      1.0720620155334473,
      1.1676678657531738,
      1.0,
      1.0706257820129395,
      1.3209657669067383,
      1.1607842445373535,
      1.2827235460281372,
      1.399999976158142,
      1.163295030593872,
      1.3494737148284912,
      1.161946177482605,
      1.399999976158142,
      1.3784247636795044,
      1.2357960939407349,
      1.2412197589874268,
      1.0609829425811768,
      1.399999976158142,
      1.298658847808838,
      1.10161292552948,
      1.0917024612426758,
      1.2588480710983276
    ],
    "beta": 1.192478236669666
  },
  "action_head.model.transformer_blocks.11.attn1": {
    "all": [
      1.0,
      1.0,
      1.0,
      0.9486966133117676,
      0.9340261816978455,
      0.9707786440849304,
      0.9454386234283447,
      1.1194590330123901,
      0.8996804356575012,
      1.0988510847091675,
      0.8148571848869324,
      0.835357666015625,
      1.1217588186264038,
      1.0591830015182495,
      1.1095229387283325,
      1.0666989088058472,
      1.1191924810409546,
      0.9566728472709656,
      1.3063390254974365,
      1.164888620376587,
      0.9220203757286072,
      0.933540940284729,
      0.9730497598648071,
      0.956805408000946,
      1.068361520767212,
      0.9560438990592957,
      1.1120649576187134,
      0.873760461807251,
      0.8385388851165771,
      1.0518114566802979,
      1.2111948728561401,
      1.0
    ],
    "beta": 1.0
  },
  "action_head.model.transformer_blocks.12.attn1": {
    "all": [
      1.2539503574371338,
      1.399999976158142,
      1.1525118350982666,
      1.301788568496704,
      1.2884600162506104,
      1.387131929397583,
      1.399999976158142,
      1.0902950763702393,
      1.12367582321167,
      1.1513121128082275,
      1.2687877416610718,
      1.2536050081253052,
      1.399999976158142,
      1.2327783107757568,
      1.346086859703064,
      1.399999976158142,
      1.0462406873703003,
      1.3556901216506958,
      1.1947882175445557,
      1.2654762268066406,
      1.3204737901687622,
      1.0,
      1.2710132598876953,
      1.220631718635559,
      1.2662065029144287,
      1.3069772720336914,
      1.399999976158142,
      1.2781506776809692,
      1.1429150104522705,
      1.3125087022781372,
      1.399999976158142,
      1.399999976158142
    ],
    "beta": 1.1002757880025353
  },
  "action_head.model.transformer_blocks.13.attn1": {
    "all": [
      1.0399479866027832,
      1.344275951385498,
      1.0,
      1.2285853624343872,
      1.0633083581924438,
      0.912494421005249,
      1.0802817344665527,
      1.109655499458313,
      1.0560121536254883,
      0.7686383724212646,
      0.8514585494995117,
      1.1712989807128906,
      0.7737769484519958,
      0.9109886288642883,
      1.1208903789520264,
      0.924507737159729,
      1.0743415355682373,
      1.0824609994888306,
      1.1391947269439697,
      1.0,
      1.037060022354126,
      1.0456724166870117,
      1.0,
      1.399999976158142,
      1.1540992259979248,
      1.0481196641921997,
      0.9254950881004333,
      1.0,
      1.0,
      1.0569692850112915,
      1.0507549047470093,
      1.03151273727417
    ],
    "beta": 1.0
  },
  "action_head.model.transformer_blocks.14.attn1": {
    "all": [
      1.399999976158142,
      1.399999976158142,
      1.343628168106079,
      0.9317418336868286,
      1.2773511409759521,
      1.2481087446212769,
      1.3714251518249512,
      1.262643575668335,
      1.3450995683670044,
      1.1385630369186401,
      1.0615941286087036,
      1.1513627767562866,
      1.399999976158142,
      1.399999976158142,
      1.0600630044937134,
      1.0702874660491943,
      1.399999976158142,
      1.2346099615097046,
      1.399999976158142,
      1.3819524049758911,
      1.337492823600769,
      1.2160751819610596,
      1.399999976158142,
      1.036210298538208,
      1.1828978061676025,
      1.2443190813064575,
      1.3549765348434448,
      1.257483720779419,
      1.276573896408081,
      1.2449464797973633,
      1.2638393640518188,
      1.235762596130371
    ],
    "beta": 1.3386936374802474
  },
  "action_head.model.transformer_blocks.15.attn1": {
    "all": [
      0.8279147148132324,
      0.9498738646507263,
      0.9220102429389954,
      0.9462437629699707,
      1.1783835887908936,
      1.0645049810409546,
      0.699999988079071,
      0.8937056660652161,
      1.172491431236267,
      1.1695479154586792,
      1.2023404836654663,
      0.8498446345329285,
      1.0,
      0.7456178069114685,
      0.8909327983856201,
      1.0,
      1.0711009502410889,
      0.9751843214035034,
      0.7675340175628662,
      0.8712146878242493,
      0.8627181649208069,
      0.8476616144180298,
      0.9515905380249023,
      1.0,
      0.8556535243988037,
      1.1189671754837036,
      0.8410637974739075,
      1.1902610063552856,
      1.0,
      0.8787848353385925,
      1.0,
      0.8868435025215149
    ],
    "beta": 0.8305006250282551
  },
  "action_head.model.transformer_blocks.2.attn1": {
    "all": [
      1.399999976158142,
      1.2310945987701416,
      1.399999976158142,
      1.349310040473938,
      1.399999976158142,
      1.399999976158142,
      1.3177980184555054,
      1.399999976158142,
      1.399999976158142,
      1.2982274293899536,
      1.1553075313568115,
      1.399999976158142,
      1.0795711278915405,
      1.1128445863723755,
      1.2357311248779297,
      1.3551400899887085,
      1.3357106447219849,
      1.1852333545684814,
      1.0804380178451538,
      1.3103420734405518,
      1.2666499614715576,
      1.3132668733596802,
      1.399999976158142,
      1.3225904703140259,
      1.3712565898895264,
      1.2569129467010498,
      1.399999976158142,
      1.379547357559204,
      0.9791182279586792,
      1.3932464122772217,
      1.229960560798645,
      1.3026715517044067
    ],