{
  "action_head.model.transformer_blocks.0.attn1": {
    "all": [
      1.160274863243103,
      1.1305660009384155,
      1.123784065246582,
      1.2764453887939453,
      1.2409135103225708,
      1.2073299884796143,
      1.2096906900405884,
      1.2536969184875488,
      1.319033145904541,
      1.26104736328125,
      1.3567537069320679,
      1.2538220882415771,
      1.2231841087341309,
      1.383201241493225,
      1.1943652629852295,
      1.399999976158142,
      1.2900326251983643,
      1.1610238552093506,
      1.208368182182312,
      1.2632603645324707,
      1.2039883136749268,
      1.2102360725402832,
      1.2526373863220215,
      1.2551708221435547,
      1.3279333114624023,
      1.261717677116394,
      1.2299493551254272,
      1.3096104860305786,
      1.1181086301803589,
      1.131163239479065,
      1.311275601387024,
      1.3104948997497559
    ],
    "beta": 1.1506246025451028
  },
  "action_head.model.transformer_blocks.1.attn1": {
    "all": [
      0.9556823372840881,
      0.9386164546012878,
      1.020717740058899,
      1.0,
      0.9718198776245117,
      0.9670459032058716,
      1.2962775230407715,
      1.0,
      0.9075784683227539,
      0.9335122108459473,
      0.9666350483894348,
      0.9785741567611694,
      1.0,
      1.0,
      1.0,
      1.0,
      1.051255464553833,
      0.9067152738571167,
      1.0726711750030518,
      0.9582797288894653,
      1.0824321508407593,
      0.964046835899353,
      1.0298680067062378,
      1.0300830602645874,
      1.060317039489746,
      1.0,
      1.0370631217956543,
      1.0,
      1.0696498155593872,
      1.0475703477859497,
      0.9586161971092224,
      0.927649736404419
    ],
    "beta": 1.0999081939564743
  },
  "action_head.model.transformer_blocks.10.attn1": {
    "all": [
      1.2954720258712769,
      1.1273709535598755,
      1.26716947555542,
      1.2024493217468262,
      1.2383378744125366,
      1.2347050905227661,
      1.3680968284606934,
      1.2666845321655273,
      1.399999976158142,
      1.1201157569885254,
      1.0673404932022095,
      1.399999976158142,
      1.1640690565109253,
      1.399999976158142,
      1.17210853099823,
      1.399999976158142,
      1.2754648923873901,
      1.1977626085281372,
      1.2278385162353516,
      1.399999976158142,
      1.304762363433838,
      1.3113435506820679,
      1.399999976158142,
      1.0211139917373657,
      1.2592397928237915,
      1.2048487663269043,
      1.1836647987365723,
      1.399999976158142,
      1.399999976158142,
      1.0830283164978027,
      1.3268367052078247,
      1.399999976158142
    ],
    "beta": 1.2516557700820097
  },
  "action_head.model.transformer_blocks.11.attn1": {
    "all": [
      1.0239804983139038,
      0.9643413424491882,
      1.0400493144989014,
      0.9215949773788452,
      0.8426517248153687,
      0.977489173412323,
      0.8444150686264038,
      1.0,
      1.0520836114883423,
      1.0,
      0.9601010680198669,
      1.0,
      0.9307156801223755,
      0.962854266166687,
      0.9255145788192749,
      1.0312910079956055,
      0.9569171667098999,
      0.893401563167572,
      0.9154535531997681,
      0.9279705286026001,
      1.0419814586639404,
      0.9224022030830383,
      0.9504746794700623,
      0.9589539766311646,
      0.885698139667511,
      0.8713266849517822,
      1.0843862295150757,
      0.8239037990570068,
      0.7874469757080078,
      0.9067911505699158,
      1.1403306722640991,
      0.9586780667304993
    ],
    "beta": 0.9514132166001387
  },
  "action_head.model.transformer_blocks.12.attn1": {
    "all": [
      1.2413914203643799,
      1.2046880722045898,
      1.399999976158142,
      1.2271413803100586,
      1.399999976158142,
      1.399999976158142,
      1.399999976158142,
      1.2605106830596924,
      1.293038249015808,
      1.399999976158142,
      1.3258228302001953,
      1.3066744804382324,
      1.3777542114257812,
      1.298978567123413,
      1.353856086730957,
      1.2240943908691406,
      1.3148930072784424,
      1.1789414882659912,
      1.2722277641296387,
      1.3016891479492188,
      1.3367434740066528,
      1.399999976158142,
      1.399999976158142,
      1.20989191532135,
      1.298721194267273,
      1.167572259902954,
      1.2032281160354614,
      1.2260022163391113,
      0.9744126200675964,
      1.0,
      1.399999976158142,
      1.2535988092422485
    ],
    "beta": 1.3421332628279974
  },
  "action_head.model.transformer_blocks.13.attn1": {
    "all": [
      1.0,
      1.044602870941162,
      1.0,
      1.0,
      0.9112862944602966,
      1.0593085289001465,
      0.9288527369499207,
      1.062417984008789,
      1.0284807682037354,
      1.0,
      1.0263891220092773,
      1.064353108406067,
      1.1203745603561401,
      0.7961750626564026,
      1.296919822692871,
      1.0516791343688965,
      0.976234495639801,
      1.0,
      0.977561891078949,
      1.026883602142334,
      0.9333153367042542,
      0.8950873017311096,
      0.8589383959770203,
      0.8920860290527344,
      1.1245927810668945,
      0.8446016907691956,
      1.224455714225769,
      1.0743104219436646,
      1.0,
      0.8980250954627991,
      0.965359628200531,
      1.0372554063796997
    ],
    "beta": 0.9069234567424141
  },
  "action_head.model.transformer_blocks.14.attn1": {
    "all": [
      1.2376041412353516,
      1.0,
      1.381293535232544,
      1.3141090869903564,
      1.0689687728881836,
      1.1712480783462524,
      1.1478770971298218,
      1.0721691846847534,
      1.3989882469177246,
      1.399999976158142,
      0.9750243425369263,
      1.399999976158142,
      1.2875211238861084,
      1.0774129629135132,
      1.1698130369186401,
      1.1884180307388306,
      1.1924545764923096,
      1.0720059871673584,
      1.399999976158142,
      1.2297451496124268,
      1.350441575050354,
      1.3305658102035522,
      1.117597222328186,
      1.270735502243042,
      1.2750976085662842,
      1.1469264030456543,
      1.09893798828125,
      1.2005674839019775,
      1.1816015243530273,
      1.399999976158142,
      1.2670774459838867,
      1.3206065893173218
    ],
    "beta": 1.3759363180396813
  },
  "action_head.model.transformer_blocks.15.attn1": {
    "all": [
      1.0,
      0.911595344543457,
      0.7065141201019287,
      0.8458303213119507,
      0.7879424691200256,
      0.8994213342666626,
      1.054893136024475,
      0.8391628265380859,
      1.024722933769226,
      0.8737197518348694,
      0.9384158849716187,
      1.0399889945983887,
      1.0235943794250488,
      0.9466565847396851,
      0.9200774431228638,
      1.0,
      0.8731375336647034,
      0.9730575084686279,
      0.8361295461654663,
      0.9234861731529236,
      0.9590262770652771,
      0.9725532531738281,
      0.8970625996589661,
      0.9410078525543213,
      1.0410051345825195,
      1.0,
      1.0,
      1.1518983840942383,
      0.879622757434845,
      0.8951557278633118,
      0.97270268201828,
      0.8584049344062805
    ],
    "beta": 0.9681081274664348
  },
  "action_head.model.transformer_blocks.2.attn1": {
    "all": [
      1.3054425716400146,
      1.2934328317642212,
      1.275741696357727,
      1.2013194561004639,
      1.2675875425338745,
      1.1619367599487305,
      1.192287802696228,
      1.3107361793518066,
      1.1067453622817993,
      1.154541254043579,
      1.221388578414917,
      1.1570889949798584,
      1.399999976158142,
      1.222137212753296,
      1.169555425643921,
      1.399999976158142,
      1.0894386768341064,
      1.3391505479812622,
      1.1930407285690308,
      1.337526559829712,
      1.090172290802002,
      1.2426741123199463,
      1.2797625064849854,
      1.3042129278182983,
      1.2794556617736816,
      1.331132411956787,
      1.2680995464324951,
      1.236053705215454,
      1.2337357997894287,
      1.2844656705856323,
      1.235245704650879,
      1.2273277044296265
    ],