{
  "action_head.model.transformer_blocks.0.attn1": {
    "all": [
      1.1544312238693237,
      1.2945690155029297,
      1.127814769744873,
      1.2478188276290894,
      1.0962752103805542,
      1.1386840343475342,
      1.183488368988037,
      1.1775494813919067,
      1.1439766883850098,
      1.1010782718658447,
      1.2659201622009277,
      1.1555492877960205,
      1.1163134574890137,
      1.1520862579345703,
      1.2273184061050415,
      1.1104627847671509,
      1.0688037872314453,
      1.2057265043258667,
      1.1708470582962036,
      1.1767534017562866,
      1.0706236362457275,
      1.0964339971542358,
      1.2710394859313965,
      1.1549383401870728,
      1.069102168083191,
      1.120539665222168,
      1.202651858329773,
      1.196932077407837,
      1.174515962600708,
      1.1864062547683716,
      1.1792188882827759,
      1.2623525857925415
    ],
    "beta": 1.3498588075760032
  },
  "action_head.model.transformer_blocks.1.attn1": {
    "all": [
      0.9197400212287903,
      0.9219103455543518,
      1.2348638772964478,
      1.1053261756896973,
      1.0381807088851929,
      0.8884902596473694,
      1.177364468574524,
      1.0,
      0.8585487604141235,
      0.9209303259849548,
      1.0453510284423828,
      0.9498339295387268,
      1.0,
      1.1489362716674805,
      1.0,
      0.9358158111572266,
      1.039503574371338,
      0.8960248231887817,
      1.0,
      1.0,
      0.9430503845214844,
      1.0,
      0.9154941439628601,
      0.9660133123397827,
      1.068196177482605,
      1.1165368556976318,
      0.9643439650535583,
      0.8730220198631287,
      1.0499014854431152,
      1.1340705156326294,
      0.9093547463417053,
      1.1523982286453247
    ],
    "beta": 1.0
  },
  "action_head.model.transformer_blocks.10.attn1": {
    "all": [
      1.1817262172698975,
      1.399999976158142,
      1.1623181104660034,
      1.3950979709625244,
      1.0438731908798218,
      1.2183616161346436,
      1.399999976158142,
      1.399999976158142,
      1.1171627044677734,
      1.0529705286026,
      1.3031253814697266,
      1.290914535522461,
      1.0894073247909546,
      0.8973544836044312,
      1.3321396112442017,
      1.399999976158142,
      1.1338521242141724,
      1.0,
      1.1867666244506836,
      1.161210298538208,
      1.2152997255325317,
      1.203345537185669,
      1.0501025915145874,
      1.2424418926239014,
      1.294753074645996,
      1.1422244310379028,
      1.2443283796310425,
      1.399999976158142,
      1.222392201423645,
      1.1424565315246582,
      1.329383134841919,
      1.2386350631713867
    ],
    "beta": 1.209753508795681
  },
  "action_head.model.transformer_blocks.11.attn1": {
    "all": [
      0.9385784268379211,
      0.9708223342895508,
      0.7672256231307983,
      0.943413257598877,
      0.8923531174659729,
      0.9757484793663025,
      0.9677041172981262,
      1.060689091682434,
      1.0,
      0.8210713863372803,
      0.8400455117225647,
      1.0,
      0.8505721688270569,
      0.9425820112228394,
      0.917434573173523,
      1.0228486061096191,
      0.9587456583976746,
      1.0,
      0.9615499377250671,
      0.976680338382721,
      0.9739605784416199,
      0.9571528434753418,
      1.0,
      1.0243748426437378,
      1.0959370136260986,
      1.0,
      1.0,
      0.9027736186981201,
      0.8603082299232483,
      0.886630117893219,
      1.1307789087295532,
      1.0
    ],
    "beta": 0.9498330600210133
  },
  "action_head.model.transformer_blocks.12.attn1": {
    "all": [
      1.263527512550354,
      1.2217588424682617,
      1.2869261503219604,
      0.974141001701355,
      1.1942987442016602,
      1.0940665006637573,
      1.2096519470214844,
      1.399999976158142,
      1.3672186136245728,
      1.399999976158142,
      1.2386572360992432,
      1.214805006980896,
      1.2829846143722534,
      1.3324298858642578,
      1.285824179649353,
      1.1263492107391357,
      1.157804250717163,
      1.3115923404693604,
      1.399999976158142,
      1.2291412353515625,
      1.1948288679122925,
      1.2026530504226685,
      1.1627222299575806,
      1.3919926881790161,
      1.399999976158142,
      1.399999976158142,
      1.2952288389205933,
      1.3188674449920654,
      1.399999976158142,
      1.043165922164917,
      1.399999976158142,
      1.3844839334487915
    ],
    "beta": 1.3498588075760032
  },
  "action_head.model.transformer_blocks.13.attn1": {
    "all": [
      1.0,
      1.073074460029602,
      1.1340526342391968,
      1.0201548337936401,
      1.1932847499847412,
      0.9117867350578308,
      0.9534772634506226,
      0.92502361536026,
      1.0647591352462769,
      1.0,
      1.0931830406188965,
      1.121888279914856,
      1.0829976797103882,
      0.9520763754844666,
      1.1337965726852417,
      1.213919997215271,
      1.0,
      1.1157662868499756,
      0.9353992938995361,
      1.0,
      1.0,
      1.091177225112915,
      1.0578774213790894,
      1.0334311723709106,
      0.8625109791755676,
      1.1547831296920776,
      1.0,
      1.0,
      1.0873146057128906,
      1.1422710418701172,
      1.0541139841079712,
      0.9644213914871216
    ],
    "beta": 0.943261997309947
  },
  "action_head.model.transformer_blocks.14.attn1": {
    "all": [
      1.363008975982666,
      1.399999976158142,
      1.399999976158142,
      1.0,
      1.1139328479766846,
      1.399999976158142,
      1.2503750324249268,
      1.0879024267196655,
      1.340502142906189,
      1.1818767786026,
      1.2179100513458252,
      0.9470320343971252,
      1.0991206169128418,
      1.1608555316925049,
      1.2558256387710571,
      1.276383876800537,
      1.0481553077697754,
      1.2783379554748535,
      1.3392194509506226,
      1.1808617115020752,
      1.2891991138458252,
      1.2376028299331665,
      1.1965034008026123,
      1.2958128452301025,
      0.9612730741500854,
      1.2461484670639038,
      1.1913119554519653,
      1.399999976158142,
      1.2349730730056763,
      1.399999976158142,
      1.0385000705718994,
      0.8620411157608032
    ],
    "beta": 1.3498588075760032
  },
  "action_head.model.transformer_blocks.15.attn1": {
    "all": [
      0.9659281969070435,
      0.8973294496536255,
      0.97431480884552,
      1.0,
      1.0,
      0.8394826650619507,
      1.0213662385940552,
      0.9284235239028931,
      1.0,
      0.9560819864273071,
      1.0741791725158691,
      1.0945773124694824,
      0.97752445936203,
      1.0423965454101562,
      1.038774013519287,
      1.050268292427063,
      1.0271462202072144,
      1.0625174045562744,
      1.193193793296814,
      1.0467628240585327,
      1.036304235458374,
      0.9204951524734497,
      0.9795961976051331,
      1.1887437105178833,
      1.0914033651351929,
      1.1034725904464722,
      0.8889344334602356,
      1.1541779041290283,
      0.9463590383529663,
      0.9406315088272095,
      1.042151927947998,
      0.8457022309303284
    ],
    "beta": 1.0
  },
  "action_head.model.transformer_blocks.2.attn1": {
    "all": [
      1.1743338108062744,
      1.1854099035263062,
      1.0714246034622192,
      1.153541088104248,
      1.039286732673645,
      1.2705954313278198,
      1.253226637840271,
      1.1589751243591309,
      1.1238136291503906,
      1.0414738655090332,
      1.1830542087554932,
      1.0320173501968384,
      1.1963993310928345,
      1.3518006801605225,
      1.2262202501296997,
      1.1727116107940674,
      1.2557806968688965,
      1.0,
      1.2920435667037964,
      1.2974532842636108,
      1.0965054035186768,
      1.0,
      1.126104712486267,
      1.1136093139648438,
      1.0794293880462646,
      1.1041591167449951,
      0.9692410826683044,
      1.1099555492401123,
      1.2185142040252686,
      1.3783029317855835,
      1.0,
      1.1366015672683716
    ],
    "beta": 1.3498588075760032
  },