{
  "summaries": [
    {
      "model_name": "openvla-7b-finetuned-libero-spatial:bf16",
      "quant_method": "bf16",
      "weight_bits": 16,
      "activation_bits": 16,
      "kv_cache_bits": 16,
      "data_ms_mean": 0.038999400567263365,
      "data_ms_std": 0.0319302226521957,
      "data_ms_p50": 0.060721009504050016,
      "data_ms_p90": 0.0672273978125304,
      "data_ms_p95": 0.06740620010532439,
      "data_ms_min": 0.0,
      "data_ms_max": 0.06758500239811838,
      "preprocess_ms_mean": 50.75095079350285,
      "preprocess_ms_std": 41.59942588055975,
      "preprocess_ms_p50": 77.90071899420582,
      "preprocess_ms_p90": 87.94337118510157,
      "preprocess_ms_p95": 87.97607858199626,
      "preprocess_ms_min": 0.0,
      "preprocess_ms_max": 88.00878597889096,
      "vision_ms_mean": 7.211576990084723,
      "vision_ms_std": 0.928713587078368,
      "vision_ms_p50": 6.9505199790000916,
      "vision_ms_p90": 8.2087755901739,
      "vision_ms_p95": 8.612711791647598,
      "vision_ms_min": 6.378949998179451,
      "vision_ms_max": 9.016647993121296,
      "llm_ms_mean": 109.70036321110092,
      "llm_ms_std": 3.0351356852493137,
      "llm_ms_p50": 110.8997049939353,
      "llm_ms_p90": 112.06463641952723,
      "llm_ms_p95": 112.19344322104007,
      "llm_ms_min": 103.88355000759475,
      "llm_ms_max": 112.32225002255291,
      "action_ms_mean": 0.17071338952519,
      "action_ms_std": 0.007602457651405418,
      "action_ms_p50": 0.16923999646678567,
      "action_ms_p90": 0.1792927854694426,
      "action_ms_p95": 0.18215038580819964,
      "action_ms_min": 0.16397997387684882,
      "action_ms_max": 0.18500798614695668,
      "model_latency_ms_mean": 117.08265359071083,
      "model_latency_ms_std": 3.622662146896301,
      "model_latency_ms_p50": 118.01484397961758,
      "model_latency_ms_p90": 120.32389799365774,
      "model_latency_ms_p95": 120.60188499395736,
      "model_latency_ms_min": 110.42647997965105,
      "model_latency_ms_max": 120.87987199425697,
      "end_to_end_latency_ms_mean": 167.87260378478095,
      "end_to_end_latency_ms_std": 44.58588755915634,
      "end_to_end_latency_ms_p50": 197.45734697789885,
      "end_to_end_latency_ms_p90": 207.74207137874328,
      "end_to_end_latency_ms_p95": 208.34915717714466,
      "end_to_end_latency_ms_min": 110.42647997965105,
      "end_to_end_latency_ms_max": 208.95624297554605,
      "peak_cuda_memory_mb": 14752.134765625,
      "allocated_cuda_memory_mb": 14460.66796875,
      "reserved_cuda_memory_mb": 14826.0,
      "model_size_mb": 14415.776245117188,
      "theoretical_tflops": 1.424658530304,
      "effective_tflops_per_second": 12.167972680942297,
      "speedup_vs_baseline": 1.0,
      "memory_reduction_vs_baseline": 0.0,
      "model_size_reduction_vs_baseline": 0.0,
      "tflops_mu": 279,
      "tflops_mu_tilde": 279.0,
      "tflops_flops_full": 1424658530304,
      "tflops_flops_prune": 1424658530304.0,
      "tflops_tflops_full": 1.424658530304,
      "tflops_tflops_prune": 1.424658530304,
      "tflops_flops_ratio": 1.0,
      "tflops_flops_reduction_percent": 0.0
    },
    {
      "model_name": "openvla-7b-finetuned-libero-spatial:w4a8",
      "quant_method": "w4a8",
      "weight_bits": 4,
      "activation_bits": 8,
      "kv_cache_bits": 16,
      "data_ms_mean": 0.03608679980970919,
      "data_ms_std": 0.02956595743768536,
      "data_ms_p50": 0.05595001857727766,
      "data_ms_p90": 0.06250579026527703,
      "data_ms_p95": 0.06303339032456279,
      "data_ms_min": 0.0,
      "data_ms_max": 0.06356099038384855,
      "preprocess_ms_mean": 41.23672460531816,
      "preprocess_ms_std": 38.52434961287136,
      "preprocess_ms_p50": 34.547956000315025,
      "preprocess_ms_p90": 85.8248830109369,
      "preprocess_ms_p95": 85.83898200653493,
      "preprocess_ms_min": 0.0,
      "preprocess_ms_max": 85.85308100213297,
      "vision_ms_mean": 6.700818403623998,
      "vision_ms_std": 0.1987479042515622,
      "vision_ms_p50": 6.7878639965783805,
      "vision_ms_p90": 6.8995292007457465,
      "vision_ms_p95": 6.909029604867101,
      "vision_ms_min": 6.443837017286569,
      "vision_ms_max": 6.918530008988455,
      "llm_ms_mean": 84.24912579380907,
      "llm_ms_std": 5.04847371146862,
      "llm_ms_p50": 85.91229098034091,
      "llm_ms_p90": 89.51688121538609,
      "llm_ms_p95": 89.85013761790469,
      "llm_ms_min": 77.6668089965824,
      "llm_ms_max": 90.1833940204233,
      "action_ms_mean": 0.16150479787029326,
      "action_ms_std": 0.008643554178034354,
      "action_ms_p50": 0.16329900245182216,
      "action_ms_p90": 0.16902299248613417,
      "action_ms_p95": 0.16958299675025046,
      "action_ms_min": 0.1453300064895302,
      "action_ms_max": 0.17014300101436675,
      "model_latency_ms_mean": 91.11144899530336,
      "model_latency_ms_std": 5.230205460215263,
      "model_latency_ms_p50": 92.99222998903133,
      "model_latency_ms_p90": 96.50647379690781,
      "model_latency_ms_p95": 96.82253739680164,
      "model_latency_ms_min": 84.29497200995684,
      "model_latency_ms_max": 97.13860099669546,
      "end_to_end_latency_ms_mean": 132.38426040043123,
      "end_to_end_latency_ms_std": 42.59551625452186,
      "end_to_end_latency_ms_p50": 131.74250701558776,
      "end_to_end_latency_ms_p90": 180.41872299509123,
      "end_to_end_latency_ms_p95": 180.94550499226898,
      "end_to_end_latency_ms_min": 84.29497200995684,
      "end_to_end_latency_ms_max": 181.47228698944673,
      "peak_cuda_memory_mb": 8576.353515625,
      "allocated_cuda_memory_mb": 8284.88671875,
      "reserved_cuda_memory_mb": 8650.0,
      "model_size_mb": 8239.777954101562,
      "theoretical_tflops": 1.424658530304,
      "effective_tflops_per_second": 15.636438076815557,
      "speedup_vs_baseline": 1.285048749435938,
      "memory_reduction_vs_baseline": 41.86364446988804,
      "model_size_reduction_vs_baseline": 42.84194056568765,
      "tflops_mu": 279,
      "tflops_mu_tilde": 279.0,
      "tflops_flops_full": 1424658530304,
      "tflops_flops_prune": 1424658530304.0,
      "tflops_tflops_full": 1.424658530304,
      "tflops_tflops_prune": 1.424658530304,
      "tflops_flops_ratio": 1.0,
      "tflops_flops_reduction_percent": 0.0
    }
  ],
  "comparison": [
    {
      "model_name": "openvla-7b-finetuned-libero-spatial:bf16",
      "quant_method": "bf16",
      "model_latency_speedup": 1.0,
      "end_to_end_latency_speedup": 1.0,
      "vision_latency_speedup": 1.0,
      "llm_latency_speedup": 1.0,
      "action_latency_speedup": 1.0,
      "peak_memory_reduction_percent": 0.0,
      "model_size_reduction_percent": 0.0,
      "effective_tflops_per_second": 12.167972680942297,
      "effective_tflops_per_second_improvement": 1.0
    },
    {
      "model_name": "openvla-7b-finetuned-libero-spatial:w4a8",
      "quant_method": "w4a8",
      "model_latency_speedup": 1.285048749435938,
      "end_to_end_latency_speedup": 1.2680707153328186,
      "vision_latency_speedup": 1.076223314182711,
      "llm_latency_speedup": 1.3020949734194405,
      "action_latency_speedup": 1.0570174494895952,
      "peak_memory_reduction_percent": 41.86364446988804,
      "model_size_reduction_percent": 42.84194056568765,
      "effective_tflops_per_second": 15.636438076815557,
      "effective_tflops_per_second_improvement": 1.285048749435938
    }
  ],
  "raw_measurements": [
    {
      "step": 0,
      "model_name": "openvla-7b-finetuned-libero-spatial:bf16",
      "quant_method": "bf16",
      "weight_bits": 16,
      "activation_bits": 16,
      "kv_cache_bits": 16,
      "data_ms": 0.060721009504050016,
      "preprocess_ms": 87.84524899441749,
      "vision_ms": 6.9505199790000916,
      "llm_ms": 110.8997049939353,
      "action_ms": 0.16461900668218732,
      "model_latency_ms": 118.01484397961758,
      "end_to_end_latency_ms": 205.92081398353912
    },
    {
      "step": 1,
      "model_name": "openvla-7b-finetuned-libero-spatial:bf16",