{
  "summaries": [
    {
      "model_name": "openvla-7b-finetuned-libero-spatial:bf16",
      "quant_method": "bf16",
      "weight_bits": 16,
      "activation_bits": 16,
      "kv_cache_bits": 16,
      "data_ms_mean": 0.06359198596328497,
      "data_ms_std": 0.0,
      "data_ms_p50": 0.06359198596328497,
      "data_ms_p90": 0.06359198596328497,
      "data_ms_p95": 0.06359198596328497,
      "data_ms_min": 0.06359198596328497,
      "data_ms_max": 0.06359198596328497,
      "preprocess_ms_mean": 70.01049800077453,
      "preprocess_ms_std": 0.0,
      "preprocess_ms_p50": 70.01049800077453,
      "preprocess_ms_p90": 70.01049800077453,
      "preprocess_ms_p95": 70.01049800077453,
      "preprocess_ms_min": 70.01049800077453,
      "preprocess_ms_max": 70.01049800077453,
      "vision_ms_mean": 6.9068009906914085,
      "vision_ms_std": 0.0,
      "vision_ms_p50": 6.9068009906914085,
      "vision_ms_p90": 6.9068009906914085,
      "vision_ms_p95": 6.9068009906914085,
      "vision_ms_min": 6.9068009906914085,
      "vision_ms_max": 6.9068009906914085,
      "llm_ms_mean": 118.76107403053902,
      "llm_ms_std": 0.0,
      "llm_ms_p50": 118.76107403053902,
      "llm_ms_p90": 118.76107403053902,
      "llm_ms_p95": 118.76107403053902,
      "llm_ms_min": 118.76107403053902,
      "llm_ms_max": 118.76107403053902,
      "action_ms_mean": 0.17370798741467297,
      "action_ms_std": 0.0,
      "action_ms_p50": 0.17370798741467297,
      "action_ms_p90": 0.17370798741467297,
      "action_ms_p95": 0.17370798741467297,
      "action_ms_min": 0.17370798741467297,
      "action_ms_max": 0.17370798741467297,
      "model_latency_ms_mean": 116.8415830086451,
      "model_latency_ms_std": 0.0,
      "model_latency_ms_p50": 116.8415830086451,
      "model_latency_ms_p90": 116.8415830086451,
      "model_latency_ms_p95": 116.8415830086451,
      "model_latency_ms_min": 116.8415830086451,
      "model_latency_ms_max": 116.8415830086451,
      "end_to_end_latency_ms_mean": 186.91567299538292,
      "end_to_end_latency_ms_std": 0.0,
      "end_to_end_latency_ms_p50": 186.91567299538292,
      "end_to_end_latency_ms_p90": 186.91567299538292,
      "end_to_end_latency_ms_p95": 186.91567299538292,
      "end_to_end_latency_ms_min": 186.91567299538292,
      "end_to_end_latency_ms_max": 186.91567299538292,
      "peak_cuda_memory_mb": 14752.134765625,
      "allocated_cuda_memory_mb": 14460.66796875,
      "reserved_cuda_memory_mb": 14826.0,
      "model_size_mb": 14415.776245117188,
      "theoretical_tflops": 1.424658530304,
      "effective_tflops_per_second": 12.193077957516115,
      "speedup_vs_baseline": 1.0,
      "memory_reduction_vs_baseline": 0.0,
      "model_size_reduction_vs_baseline": 0.0,
      "tflops_mu": 279,
      "tflops_mu_tilde": 279.0,
      "tflops_flops_full": 1424658530304,
      "tflops_flops_prune": 1424658530304.0,
      "tflops_tflops_full": 1.424658530304,
      "tflops_tflops_prune": 1.424658530304,
      "tflops_flops_ratio": 1.0,
      "tflops_flops_reduction_percent": 0.0
    },
    {
      "model_name": "openvla-7b-finetuned-libero-spatial:w4a8",
      "quant_method": "w4a8",
      "weight_bits": 4,
      "activation_bits": 8,
      "kv_cache_bits": 16,
      "data_ms_mean": 0.06358700920827687,
      "data_ms_std": 0.0,
      "data_ms_p50": 0.06358700920827687,
      "data_ms_p90": 0.06358700920827687,
      "data_ms_p95": 0.06358700920827687,
      "data_ms_min": 0.06358700920827687,
      "data_ms_max": 0.06358700920827687,
      "preprocess_ms_mean": 86.64943898678757,
      "preprocess_ms_std": 0.0,
      "preprocess_ms_p50": 86.64943898678757,
      "preprocess_ms_p90": 86.64943898678757,
      "preprocess_ms_p95": 86.64943898678757,
      "preprocess_ms_min": 86.64943898678757,
      "preprocess_ms_max": 86.64943898678757,
      "vision_ms_mean": 6.760120013495907,
      "vision_ms_std": 0.0,
      "vision_ms_p50": 6.760120013495907,
      "vision_ms_p90": 6.760120013495907,
      "vision_ms_p95": 6.760120013495907,
      "vision_ms_min": 6.760120013495907,
      "vision_ms_max": 6.760120013495907,
      "llm_ms_mean": 98.42374900449067,
      "llm_ms_std": 0.0,
      "llm_ms_p50": 98.42374900449067,
      "llm_ms_p90": 98.42374900449067,
      "llm_ms_p95": 98.42374900449067,
      "llm_ms_min": 98.42374900449067,
      "llm_ms_max": 98.42374900449067,
      "action_ms_mean": 0.1626869780011475,
      "action_ms_std": 0.0,
      "action_ms_p50": 0.1626869780011475,
      "action_ms_p90": 0.1626869780011475,
      "action_ms_p95": 0.1626869780011475,
      "action_ms_min": 0.1626869780011475,
      "action_ms_max": 0.1626869780011475,
      "model_latency_ms_mean": 96.34655599598773,
      "model_latency_ms_std": 0.0,
      "model_latency_ms_p50": 96.34655599598773,
      "model_latency_ms_p90": 96.34655599598773,
      "model_latency_ms_p95": 96.34655599598773,
      "model_latency_ms_min": 96.34655599598773,
      "model_latency_ms_max": 96.34655599598773,
      "end_to_end_latency_ms_mean": 183.05958199198358,
      "end_to_end_latency_ms_std": 0.0,
      "end_to_end_latency_ms_p50": 183.05958199198358,
      "end_to_end_latency_ms_p90": 183.05958199198358,
      "end_to_end_latency_ms_p95": 183.05958199198358,
      "end_to_end_latency_ms_min": 183.05958199198358,
      "end_to_end_latency_ms_max": 183.05958199198358,
      "peak_cuda_memory_mb": 8576.353515625,
      "allocated_cuda_memory_mb": 8284.88671875,
      "reserved_cuda_memory_mb": 8650.0,
      "model_size_mb": 8239.777954101562,
      "theoretical_tflops": 1.424658530304,
      "effective_tflops_per_second": 14.786813244921062,
      "speedup_vs_baseline": 1.2127219473575255,
      "memory_reduction_vs_baseline": 41.86364446988804,
      "model_size_reduction_vs_baseline": 42.84194056568765,
      "tflops_mu": 279,
      "tflops_mu_tilde": 279.0,
      "tflops_flops_full": 1424658530304,
      "tflops_flops_prune": 1424658530304.0,
      "tflops_tflops_full": 1.424658530304,
      "tflops_tflops_prune": 1.424658530304,
      "tflops_flops_ratio": 1.0,
      "tflops_flops_reduction_percent": 0.0
    }
  ],
  "comparison": [
    {
      "model_name": "openvla-7b-finetuned-libero-spatial:bf16",
      "quant_method": "bf16",
      "model_latency_speedup": 1.0,
      "end_to_end_latency_speedup": 1.0,
      "vision_latency_speedup": 1.0,
      "llm_latency_speedup": 1.0,
      "action_latency_speedup": 1.0,
      "peak_memory_reduction_percent": 0.0,
      "model_size_reduction_percent": 0.0,
      "effective_tflops_per_second": 12.193077957516115,
      "effective_tflops_per_second_improvement": 1.0
    },
    {
      "model_name": "openvla-7b-finetuned-libero-spatial:w4a8",
      "quant_method": "w4a8",
      "model_latency_speedup": 1.2127219473575255,
      "end_to_end_latency_speedup": 1.0210646772020282,
      "vision_latency_speedup": 1.021697984192983,
      "llm_latency_speedup": 1.2066302618194358,
      "action_latency_speedup": 1.0677436482559024,
      "peak_memory_reduction_percent": 41.86364446988804,
      "model_size_reduction_percent": 42.84194056568765,
      "effective_tflops_per_second": 14.786813244921062,
      "effective_tflops_per_second_improvement": 1.2127219473575255
    }
  ],
  "raw_measurements": [
    {
      "step": 0,
      "model_name": "openvla-7b-finetuned-libero-spatial:bf16",
      "quant_method": "bf16",
      "weight_bits": 16,
      "activation_bits": 16,
      "kv_cache_bits": 16,
      "data_ms": 0.06359198596328497,
      "preprocess_ms": 70.01049800077453,
      "vision_ms": 6.9068009906914085,
      "llm_ms": 118.76107403053902,
      "action_ms": 0.17370798741467297,
      "model_latency_ms": 116.8415830086451,
      "end_to_end_latency_ms": 186.91567299538292
    },
    {
      "step": 0,
      "model_name": "openvla-7b-finetuned-libero-spatial:w4a8",
      "quant_method": "w4a8",
      "weight_bits": 4,
      "activation_bits": 8,
      "kv_cache_bits": 16,
      "data_ms": 0.06358700920827687,