{
  "summaries": [
    {
      "model_name": "openvla-7b-finetuned-libero-spatial:bf16",
      "quant_method": "bf16",
      "weight_bits": 16,
      "activation_bits": 16,
      "kv_cache_bits": 16,
      "data_ms_mean": 0.06474799010902643,
      "data_ms_std": 0.0,
      "data_ms_p50": 0.06474799010902643,
      "data_ms_p90": 0.06474799010902643,
      "data_ms_p95": 0.06474799010902643,
      "data_ms_min": 0.06474799010902643,
      "data_ms_max": 0.06474799010902643,
      "preprocess_ms_mean": 97.04611401888542,
      "preprocess_ms_std": 0.0,
      "preprocess_ms_p50": 97.04611401888542,
      "preprocess_ms_p90": 97.04611401888542,
      "preprocess_ms_p95": 97.04611401888542,
      "preprocess_ms_min": 97.04611401888542,
      "preprocess_ms_max": 97.04611401888542,
      "vision_ms_mean": 188.41588799841702,
      "vision_ms_std": 0.0,
      "vision_ms_p50": 188.41588799841702,
      "vision_ms_p90": 188.41588799841702,
      "vision_ms_p95": 188.41588799841702,
      "vision_ms_min": 188.41588799841702,
      "vision_ms_max": 188.41588799841702,
      "llm_ms_mean": 348.1257689616177,
      "llm_ms_std": 0.0,
      "llm_ms_p50": 348.1257689616177,
      "llm_ms_p90": 348.1257689616177,
      "llm_ms_p95": 348.1257689616177,
      "llm_ms_min": 348.1257689616177,
      "llm_ms_max": 348.1257689616177,
      "action_ms_mean": 0.20740102627314627,
      "action_ms_std": 0.0,
      "action_ms_p50": 0.20740102627314627,
      "action_ms_p90": 0.20740102627314627,
      "action_ms_p95": 0.20740102627314627,
      "action_ms_min": 0.20740102627314627,
      "action_ms_max": 0.20740102627314627,
      "model_latency_ms_mean": 536.7490579863079,
      "model_latency_ms_std": 0.0,
      "model_latency_ms_p50": 536.7490579863079,
      "model_latency_ms_p90": 536.7490579863079,
      "model_latency_ms_p95": 536.7490579863079,
      "model_latency_ms_min": 536.7490579863079,
      "model_latency_ms_max": 536.7490579863079,
      "end_to_end_latency_ms_mean": 633.8599199953023,
      "end_to_end_latency_ms_std": 0.0,
      "end_to_end_latency_ms_p50": 633.8599199953023,
      "end_to_end_latency_ms_p90": 633.8599199953023,
      "end_to_end_latency_ms_p95": 633.8599199953023,
      "end_to_end_latency_ms_min": 633.8599199953023,
      "end_to_end_latency_ms_max": 633.8599199953023,
      "peak_cuda_memory_mb": 14752.134765625,
      "allocated_cuda_memory_mb": 14460.66796875,
      "reserved_cuda_memory_mb": 14826.0,
      "model_size_mb": 14415.776245117188,
      "theoretical_tflops": 1.424658530304,
      "effective_tflops_per_second": 2.654235734756226,
      "speedup_vs_baseline": 1.0,
      "memory_reduction_vs_baseline": 0.0,
      "model_size_reduction_vs_baseline": 0.0,
      "tflops_mu": 279,
      "tflops_mu_tilde": 279.0,
      "tflops_flops_full": 1424658530304,
      "tflops_flops_prune": 1424658530304.0,
      "tflops_tflops_full": 1.424658530304,
      "tflops_tflops_prune": 1.424658530304,
      "tflops_flops_ratio": 1.0,
      "tflops_flops_reduction_percent": 0.0
    },
    {
      "model_name": "openvla-7b-finetuned-libero-spatial:w4a8",
      "quant_method": "w4a8",
      "weight_bits": 4,
      "activation_bits": 8,
      "kv_cache_bits": 16,
      "data_ms_mean": 0.0566829985473305,
      "data_ms_std": 0.0,
      "data_ms_p50": 0.0566829985473305,
      "data_ms_p90": 0.0566829985473305,
      "data_ms_p95": 0.0566829985473305,
      "data_ms_min": 0.0566829985473305,
      "data_ms_max": 0.0566829985473305,
      "preprocess_ms_mean": 86.33238197420724,
      "preprocess_ms_std": 0.0,
      "preprocess_ms_p50": 86.33238197420724,
      "preprocess_ms_p90": 86.33238197420724,
      "preprocess_ms_p95": 86.33238197420724,
      "preprocess_ms_min": 86.33238197420724,
      "preprocess_ms_max": 86.33238197420724,
      "vision_ms_mean": 8.50693098618649,
      "vision_ms_std": 0.0,
      "vision_ms_p50": 8.50693098618649,
      "vision_ms_p90": 8.50693098618649,
      "vision_ms_p95": 8.50693098618649,
      "vision_ms_min": 8.50693098618649,
      "vision_ms_max": 8.50693098618649,
      "llm_ms_mean": 95.41354202316143,
      "llm_ms_std": 0.0,
      "llm_ms_p50": 95.41354202316143,
      "llm_ms_p90": 95.41354202316143,
      "llm_ms_p95": 95.41354202316143,
      "llm_ms_min": 95.41354202316143,
      "llm_ms_max": 95.41354202316143,
      "action_ms_mean": 0.15988099039532244,
      "action_ms_std": 0.0,
      "action_ms_p50": 0.15988099039532244,
      "action_ms_p90": 0.15988099039532244,
      "action_ms_p95": 0.15988099039532244,
      "action_ms_min": 0.15988099039532244,
      "action_ms_max": 0.15988099039532244,
      "model_latency_ms_mean": 104.08035399974324,
      "model_latency_ms_std": 0.0,
      "model_latency_ms_p50": 104.08035399974324,
      "model_latency_ms_p90": 104.08035399974324,
      "model_latency_ms_p95": 104.08035399974324,
      "model_latency_ms_min": 104.08035399974324,
      "model_latency_ms_max": 104.08035399974324,
      "end_to_end_latency_ms_mean": 190.4694189724978,
      "end_to_end_latency_ms_std": 0.0,
      "end_to_end_latency_ms_p50": 190.4694189724978,
      "end_to_end_latency_ms_p90": 190.4694189724978,
      "end_to_end_latency_ms_p95": 190.4694189724978,
      "end_to_end_latency_ms_min": 190.4694189724978,
      "end_to_end_latency_ms_max": 190.4694189724978,
      "peak_cuda_memory_mb": 8576.353515625,
      "allocated_cuda_memory_mb": 8284.88671875,
      "reserved_cuda_memory_mb": 8650.0,
      "model_size_mb": 8239.777954101562,
      "theoretical_tflops": 1.424658530304,
      "effective_tflops_per_second": 13.688063842552982,
      "speedup_vs_baseline": 5.157064108252668,
      "memory_reduction_vs_baseline": 41.86364446988804,
      "model_size_reduction_vs_baseline": 42.84194056568765,
      "tflops_mu": 279,
      "tflops_mu_tilde": 279.0,
      "tflops_flops_full": 1424658530304,
      "tflops_flops_prune": 1424658530304.0,
      "tflops_tflops_full": 1.424658530304,
      "tflops_tflops_prune": 1.424658530304,
      "tflops_flops_ratio": 1.0,
      "tflops_flops_reduction_percent": 0.0
    }
  ],
  "comparison": [
    {
      "model_name": "openvla-7b-finetuned-libero-spatial:bf16",
      "quant_method": "bf16",
      "model_latency_speedup": 1.0,
      "end_to_end_latency_speedup": 1.0,
      "vision_latency_speedup": 1.0,
      "llm_latency_speedup": 1.0,
      "action_latency_speedup": 1.0,
      "peak_memory_reduction_percent": 0.0,
      "model_size_reduction_percent": 0.0,
      "effective_tflops_per_second": 2.654235734756226,
      "effective_tflops_per_second_improvement": 1.0
    },
    {
      "model_name": "openvla-7b-finetuned-libero-spatial:w4a8",
      "quant_method": "w4a8",
      "model_latency_speedup": 5.157064108252668,
      "end_to_end_latency_speedup": 3.327882887524461,
      "vision_latency_speedup": 22.14851493498252,
      "llm_latency_speedup": 3.6485991566806204,
      "action_latency_speedup": 1.297221300420554,
      "peak_memory_reduction_percent": 41.86364446988804,
      "model_size_reduction_percent": 42.84194056568765,
      "effective_tflops_per_second": 13.688063842552982,
      "effective_tflops_per_second_improvement": 5.157064108252668
    }
  ],
  "raw_measurements": [
    {
      "step": 0,
      "model_name": "openvla-7b-finetuned-libero-spatial:bf16",
      "quant_method": "bf16",
      "weight_bits": 16,
      "activation_bits": 16,
      "kv_cache_bits": 16,
      "data_ms": 0.06474799010902643,
      "preprocess_ms": 97.04611401888542,
      "vision_ms": 188.41588799841702,
      "llm_ms": 348.1257689616177,
      "action_ms": 0.20740102627314627,
      "model_latency_ms": 536.7490579863079,
      "end_to_end_latency_ms": 633.8599199953023
    },
    {
      "step": 0,
      "model_name": "openvla-7b-finetuned-libero-spatial:w4a8",
      "quant_method": "w4a8",
      "weight_bits": 4,
      "activation_bits": 8,
      "kv_cache_bits": 16,
      "data_ms": 0.0566829985473305,