{
  "summaries": [
    {
      "model_name": "openvla-7b-finetuned-libero-spatial:bf16",
      "quant_method": "bf16",
      "weight_bits": 16,
      "activation_bits": 16,
      "kv_cache_bits": 16,
      "data_ms_mean": 0.061430601635947824,
      "data_ms_std": 0.002237722561475551,
      "data_ms_p50": 0.061080994782969356,
      "data_ms_p90": 0.06401180289685726,
      "data_ms_p95": 0.0640454061795026,
      "data_ms_min": 0.058636011090129614,
      "data_ms_max": 0.06407900946214795,
      "preprocess_ms_mean": 39.37078259186819,
      "preprocess_ms_std": 45.31779970295488,
      "preprocess_ms_p50": 2.441796998027712,
      "preprocess_ms_p90": 95.39161578286439,
      "preprocess_ms_p95": 96.51277838274837,
      "preprocess_ms_min": 2.354512980673462,
      "preprocess_ms_max": 97.63394098263234,
      "vision_ms_mean": 6.643397797597572,
      "vision_ms_std": 0.10937154266479937,
      "vision_ms_p50": 6.663353997282684,
      "vision_ms_p90": 6.76215659477748,
      "vision_ms_p95": 6.77859079441987,
      "vision_ms_min": 6.4871890062931925,
      "vision_ms_max": 6.79502499406226,
      "llm_ms_mean": 87.26180840167217,
      "llm_ms_std": 0.20336583751687742,
      "llm_ms_p50": 87.23574804025702,
      "llm_ms_p90": 87.4842580058612,
      "llm_ms_p95": 87.521851999918,
      "llm_ms_min": 86.94308399572037,
      "llm_ms_max": 87.5594459939748,
      "action_ms_mean": 0.20711240358650684,
      "action_ms_std": 0.01587215691436425,
      "action_ms_p50": 0.20232601673342288,
      "action_ms_p90": 0.22560799843631685,
      "action_ms_p95": 0.2309389936272055,
      "action_ms_min": 0.19057802273891866,
      "action_ms_max": 0.23626998881809413,
      "model_latency_ms_mean": 94.11231860285625,
      "model_latency_ms_std": 0.2862398097977839,
      "model_latency_ms_p50": 93.99108801153488,
      "model_latency_ms_p90": 94.4666916038841,
      "model_latency_ms_p95": 94.51538880239241,
      "model_latency_ms_min": 93.80876400973648,
      "model_latency_ms_max": 94.56408600090072,
      "end_to_end_latency_ms_mean": 133.5445317963604,
      "end_to_end_latency_ms_std": 45.584030247877664,
      "end_to_end_latency_ms_p50": 96.45053301937878,
      "end_to_end_latency_ms_p90": 189.87042339867912,
      "end_to_end_latency_ms_p95": 190.94180020038038,
      "end_to_end_latency_ms_min": 96.29101396421902,
      "end_to_end_latency_ms_max": 192.01317700208165,
      "peak_cuda_memory_mb": 14752.12109375,
      "allocated_cuda_memory_mb": 14460.66796875,
      "reserved_cuda_memory_mb": 14826.0,
      "model_size_mb": 14415.776245117188,
      "theoretical_tflops": 1.424658530304,
      "effective_tflops_per_second": 15.137853911727582,
      "speedup_vs_baseline": 1.0,
      "memory_reduction_vs_baseline": 0.0,
      "model_size_reduction_vs_baseline": 0.0,
      "tflops_mu": 279,
      "tflops_mu_tilde": 279.0,
      "tflops_flops_full": 1424658530304,
      "tflops_flops_prune": 1424658530304.0,
      "tflops_tflops_full": 1.424658530304,
      "tflops_tflops_prune": 1.424658530304,
      "tflops_flops_ratio": 1.0,
      "tflops_flops_reduction_percent": 0.0
    }
  ],
  "comparison": [
    {
      "model_name": "openvla-7b-finetuned-libero-spatial:bf16",
      "quant_method": "bf16",
      "model_latency_speedup": 1.0,
      "end_to_end_latency_speedup": 1.0,
      "vision_latency_speedup": 1.0,
      "llm_latency_speedup": 1.0,
      "action_latency_speedup": 1.0,
      "peak_memory_reduction_percent": 0.0,
      "model_size_reduction_percent": 0.0,
      "effective_tflops_per_second": 15.137853911727582,
      "effective_tflops_per_second_improvement": 1.0
    }
  ],
  "raw_measurements": [
    {
      "step": 0,
      "model_name": "openvla-7b-finetuned-libero-spatial:bf16",
      "quant_method": "bf16",
      "weight_bits": 16,
      "activation_bits": 16,
      "kv_cache_bits": 16,
      "data_ms": 0.06407900946214795,
      "preprocess_ms": 92.02812798321247,
      "vision_ms": 6.79502499406226,
      "llm_ms": 87.5594459939748,
      "action_ms": 0.20961501286365092,
      "model_latency_ms": 94.56408600090072,
      "end_to_end_latency_ms": 186.65629299357533
    },
    {
      "step": 1,
      "model_name": "openvla-7b-finetuned-libero-spatial:bf16",
      "quant_method": "bf16",
      "weight_bits": 16,
      "activation_bits": 16,
      "kv_cache_bits": 16,
      "data_ms": 0.06391099304892123,
      "preprocess_ms": 2.3955340147949755,
      "vision_ms": 6.558566994499415,
      "llm_ms": 87.23574804025702,
      "action_ms": 0.19677297677844763,
      "model_latency_ms": 93.99108801153488,
      "end_to_end_latency_ms": 96.45053301937878
    },
    {
      "step": 2,
      "model_name": "openvla-7b-finetuned-libero-spatial:bf16",
      "quant_method": "bf16",
      "weight_bits": 16,
      "activation_bits": 16,
      "kv_cache_bits": 16,
      "data_ms": 0.061080994782969356,
      "preprocess_ms": 2.441796998027712,
      "vision_ms": 6.663353997282684,
      "llm_ms": 86.94308399572037,
      "action_ms": 0.20232601673342288,
      "model_latency_ms": 93.80876400973648,
      "end_to_end_latency_ms": 96.31164200254716
    },
    {
      "step": 3,
      "model_name": "openvla-7b-finetuned-libero-spatial:bf16",
      "quant_method": "bf16",
      "weight_bits": 16,
      "activation_bits": 16,
      "kv_cache_bits": 16,
      "data_ms": 0.05944599979557097,
      "preprocess_ms": 2.354512980673462,
      "vision_ms": 6.4871890062931925,
      "llm_ms": 87.19928795471787,
      "action_ms": 0.19057802273891866,
      "model_latency_ms": 93.87705498374999,
      "end_to_end_latency_ms": 96.29101396421902
    },
    {
      "step": 4,
      "model_name": "openvla-7b-finetuned-libero-spatial:bf16",
      "quant_method": "bf16",
      "weight_bits": 16,
      "activation_bits": 16,
      "kv_cache_bits": 16,
      "data_ms": 0.058636011090129614,
      "preprocess_ms": 97.63394098263234,
      "vision_ms": 6.71285399585031,
      "llm_ms": 87.37147602369078,
      "action_ms": 0.23626998881809413,
      "model_latency_ms": 94.32060000835918,
      "end_to_end_latency_ms": 192.01317700208165
    }
  ]
}