{
  "summaries": [
    {
      "model_name": "openvla-7b-finetuned-libero-spatial:bnb_int8",
      "quant_method": "bitsandbytes-Linear8bitLt",
      "weight_bits": 8,
      "activation_bits": 8,
      "kv_cache_bits": 16,
      "data_ms_mean": 0.05786680267192423,
      "data_ms_std": 0.002860893589940526,
      "data_ms_p50": 0.05711699486710131,
      "data_ms_p90": 0.061275402549654245,
      "data_ms_p95": 0.06210220162756741,
      "data_ms_min": 0.05498001701198518,
      "data_ms_max": 0.06292900070548058,
      "preprocess_ms_mean": 15.709462808445096,
      "preprocess_ms_std": 22.153366681020305,
      "preprocess_ms_p50": 2.7258119953330606,
      "preprocess_ms_p90": 40.40619340958074,
      "preprocess_ms_p95": 49.90235221339389,
      "preprocess_ms_min": 2.2368640056811273,
      "preprocess_ms_max": 59.398511017207056,
      "vision_ms_mean": 6.713872199179605,
      "vision_ms_std": 0.41224607070475805,
      "vision_ms_p50": 6.455094990087673,
      "vision_ms_p90": 7.207099400693551,
      "vision_ms_p95": 7.350341195706278,
      "vision_ms_min": 6.4201210043393075,
      "vision_ms_max": 7.4935829907190055,
      "llm_ms_mean": 101.69946180540137,
      "llm_ms_std": 0.7357252287808532,
      "llm_ms_p50": 101.59881800063886,
      "llm_ms_p90": 102.52572243916802,
      "llm_ms_p95": 102.7924012450967,
      "llm_ms_min": 100.95387799083255,
      "llm_ms_max": 103.05908005102538,
      "action_ms_mean": 0.16945279203355312,
      "action_ms_std": 0.002593263753461441,
      "action_ms_p50": 0.17112301429733634,
      "action_ms_p90": 0.17161298892460763,
      "action_ms_p95": 0.1716849859803915,
      "action_ms_min": 0.165038974955678,
      "action_ms_max": 0.17175698303617537,
      "model_latency_ms_mean": 108.58278679661453,
      "model_latency_ms_std": 1.1014435908507363,
      "model_latency_ms_p50": 108.18995398585685,
      "model_latency_ms_p90": 109.7714924137108,
      "model_latency_ms_p95": 110.24459721520543,
      "model_latency_ms_min": 107.54575597820804,
      "model_latency_ms_max": 110.71770201670006,
      "end_to_end_latency_ms_mean": 124.35011640773155,
      "end_to_end_latency_ms_std": 23.21520338418556,
      "end_to_end_latency_ms_p50": 111.13510699942708,
      "end_to_end_latency_ms_p90": 150.14060082030483,
      "end_to_end_latency_ms_p95": 160.15780442976393,
      "end_to_end_latency_ms_min": 109.869146021083,
      "end_to_end_latency_ms_max": 170.17500803922303,
      "peak_cuda_memory_mb": 8665.349609375,
      "allocated_cuda_memory_mb": 8375.85546875,
      "reserved_cuda_memory_mb": 8774.0,
      "model_size_mb": 8239.776245117188,
      "theoretical_tflops": 1.424658530304,
      "effective_tflops_per_second": 13.120482282081372,
      "speedup_vs_baseline": 1.0,
      "memory_reduction_vs_baseline": 0.0,
      "model_size_reduction_vs_baseline": 0.0,
      "tflops_mu": 279,
      "tflops_mu_tilde": 279.0,
      "tflops_flops_full": 1424658530304,
      "tflops_flops_prune": 1424658530304.0,
      "tflops_tflops_full": 1.424658530304,
      "tflops_tflops_prune": 1.424658530304,
      "tflops_flops_ratio": 1.0,
      "tflops_flops_reduction_percent": 0.0
    }
  ],
  "comparison": [
    {
      "model_name": "openvla-7b-finetuned-libero-spatial:bnb_int8",
      "quant_method": "bitsandbytes-Linear8bitLt",
      "model_latency_speedup": 1.0,
      "end_to_end_latency_speedup": 1.0,
      "vision_latency_speedup": 1.0,
      "llm_latency_speedup": 1.0,
      "action_latency_speedup": 1.0,
      "peak_memory_reduction_percent": 0.0,
      "model_size_reduction_percent": 0.0,
      "effective_tflops_per_second": 13.120482282081372,
      "effective_tflops_per_second_improvement": 1.0
    }
  ],
  "raw_measurements": [
    {
      "step": 0,
      "model_name": "openvla-7b-finetuned-libero-spatial:bnb_int8",
      "quant_method": "bitsandbytes-Linear8bitLt",
      "weight_bits": 8,
      "activation_bits": 8,
      "kv_cache_bits": 16,
      "data_ms": 0.06292900070548058,
      "preprocess_ms": 11.917716998141259,
      "vision_ms": 6.777374015655369,
      "llm_ms": 101.15984696312808,
      "action_ms": 0.17112301429733634,
      "model_latency_ms": 108.10834399308078,
      "end_to_end_latency_ms": 120.08898999192752
    },
    {
      "step": 1,
      "model_name": "openvla-7b-finetuned-libero-spatial:bnb_int8",
      "quant_method": "bitsandbytes-Linear8bitLt",
      "weight_bits": 8,
      "activation_bits": 8,
      "kv_cache_bits": 16,
      "data_ms": 0.05879500531591475,
      "preprocess_ms": 59.398511017207056,
      "vision_ms": 7.4935829907190055,
      "llm_ms": 103.05908005102538,
      "action_ms": 0.165038974955678,
      "model_latency_ms": 110.71770201670006,
      "end_to_end_latency_ms": 170.17500803922303
    },
    {
      "step": 2,
      "model_name": "openvla-7b-finetuned-libero-spatial:bnb_int8",
      "quant_method": "bitsandbytes-Linear8bitLt",
      "weight_bits": 8,
      "activation_bits": 8,
      "kv_cache_bits": 16,
      "data_ms": 0.05711699486710131,
      "preprocess_ms": 2.7258119953330606,
      "vision_ms": 6.455094990087673,
      "llm_ms": 101.72568602138199,
      "action_ms": 0.17139699775725603,
      "model_latency_ms": 108.35217800922692,
      "end_to_end_latency_ms": 111.13510699942708
    },
    {
      "step": 3,
      "model_name": "openvla-7b-finetuned-libero-spatial:bnb_int8",
      "quant_method": "bitsandbytes-Linear8bitLt",
      "weight_bits": 8,
      "activation_bits": 8,
      "kv_cache_bits": 16,
      "data_ms": 0.05551299545913935,
      "preprocess_ms": 2.2368640056811273,
      "vision_ms": 6.423187995096669,
      "llm_ms": 101.59881800063886,
      "action_ms": 0.1679479901213199,
      "model_latency_ms": 108.18995398585685,
      "end_to_end_latency_ms": 110.48233098699711
    },
    {
      "step": 4,
      "model_name": "openvla-7b-finetuned-libero-spatial:bnb_int8",
      "quant_method": "bitsandbytes-Linear8bitLt",
      "weight_bits": 8,
      "activation_bits": 8,
      "kv_cache_bits": 16,
      "data_ms": 0.05498001701198518,
      "preprocess_ms": 2.268410025862977,
      "vision_ms": 6.4201210043393075,
      "llm_ms": 100.95387799083255,
      "action_ms": 0.17175698303617537,
      "model_latency_ms": 107.54575597820804,
      "end_to_end_latency_ms": 109.869146021083
    }
  ]
}