{
  "summaries": [
    {
      "model_name": "openvla-7b-finetuned-libero-spatial:bf16",
      "quant_method": "bf16",
      "weight_bits": 16,
      "activation_bits": 16,
      "kv_cache_bits": 16,
      "data_ms_mean": 0.06377699319273233,
      "data_ms_std": 0.002380244399265424,
      "data_ms_p50": 0.06276401109062135,
      "data_ms_p90": 0.06653678719885647,
      "data_ms_p95": 0.06663338863290846,
      "data_ms_min": 0.06039798608981073,
      "data_ms_max": 0.06672999006696045,
      "preprocess_ms_mean": 24.1231142077595,
      "preprocess_ms_std": 33.559007779721355,
      "preprocess_ms_p50": 6.087165995268151,
      "preprocess_ms_p90": 61.83042480261066,
      "preprocess_ms_p95": 75.9477024024818,
      "preprocess_ms_min": 2.3132910137064755,
      "preprocess_ms_max": 90.06498000235297,
      "vision_ms_mean": 6.873098597861826,
      "vision_ms_std": 0.4099439425141249,
      "vision_ms_p50": 6.631475000176579,
      "vision_ms_p90": 7.354240008862689,
      "vision_ms_p95": 7.507268013432622,
      "vision_ms_min": 6.571685982635245,
      "vision_ms_max": 7.660296018002555,
      "llm_ms_mean": 100.0893006043043,
      "llm_ms_std": 0.385390537087074,
      "llm_ms_p50": 100.33146198838949,
      "llm_ms_p90": 100.41505740955472,
      "llm_ms_p95": 100.41660720598884,
      "llm_ms_min": 99.44986400660127,
      "llm_ms_max": 100.41815700242296,
      "action_ms_mean": 0.16476879827678204,
      "action_ms_std": 0.0038908625134460788,
      "action_ms_p50": 0.1650220074225217,
      "action_ms_p90": 0.16915039741434157,
      "action_ms_p95": 0.16942719812504947,
      "action_ms_min": 0.15991300460882485,
      "action_ms_max": 0.16970399883575737,
      "model_latency_ms_mean": 107.12716800044291,
      "model_latency_ms_std": 0.6639630074724264,
      "model_latency_ms_p50": 107.14975598966703,
      "model_latency_ms_p90": 107.87982020410709,
      "model_latency_ms_p95": 108.01623159786686,
      "model_latency_ms_min": 106.24965900206007,
      "model_latency_ms_max": 108.15264299162664,
      "end_to_end_latency_ms_mean": 131.31405920139514,
      "end_to_end_latency_ms_std": 33.6335940411747,
      "end_to_end_latency_ms_p50": 114.30653897696175,
      "end_to_end_latency_ms_p90": 169.17033040663227,
      "end_to_end_latency_ms_p95": 183.22391520487145,
      "end_to_end_latency_ms_min": 108.62919699866325,
      "end_to_end_latency_ms_max": 197.27750000311062,
      "peak_cuda_memory_mb": 14754.1376953125,
      "allocated_cuda_memory_mb": 14462.66796875,
      "reserved_cuda_memory_mb": 14826.0,
      "model_size_mb": 14415.776245117188,
      "theoretical_tflops": 1.424658530304,
      "effective_tflops_per_second": 13.298760313519255,
      "speedup_vs_baseline": 1.0,
      "memory_reduction_vs_baseline": 0.0,
      "model_size_reduction_vs_baseline": 0.0,
      "tflops_mu": 279,
      "tflops_mu_tilde": 279.0,
      "tflops_flops_full": 1424658530304,
      "tflops_flops_prune": 1424658530304.0,
      "tflops_tflops_full": 1.424658530304,
      "tflops_tflops_prune": 1.424658530304,
      "tflops_flops_ratio": 1.0,
      "tflops_flops_reduction_percent": 0.0
    }
  ],
  "comparison": [
    {
      "model_name": "openvla-7b-finetuned-libero-spatial:bf16",
      "quant_method": "bf16",
      "model_latency_speedup": 1.0,
      "end_to_end_latency_speedup": 1.0,
      "vision_latency_speedup": 1.0,
      "llm_latency_speedup": 1.0,
      "action_latency_speedup": 1.0,
      "peak_memory_reduction_percent": 0.0,
      "model_size_reduction_percent": 0.0,
      "effective_tflops_per_second": 13.298760313519255,
      "effective_tflops_per_second_improvement": 1.0
    }
  ],
  "raw_measurements": [
    {
      "step": 0,
      "model_name": "openvla-7b-finetuned-libero-spatial:bf16",
      "quant_method": "bf16",
      "weight_bits": 16,
      "activation_bits": 16,
      "kv_cache_bits": 16,
      "data_ms": 0.0662469828967005,
      "preprocess_ms": 2.3132910137064755,
      "vision_ms": 6.631475000176579,
      "llm_ms": 99.44986400660127,
      "action_ms": 0.16831999528221786,
      "model_latency_ms": 106.24965900206007,
      "end_to_end_latency_ms": 108.62919699866325
    },
    {
      "step": 1,
      "model_name": "openvla-7b-finetuned-libero-spatial:bf16",
      "quant_method": "bf16",
      "weight_bits": 16,
      "activation_bits": 16,
      "kv_cache_bits": 16,
      "data_ms": 0.06276401109062135,
      "preprocess_ms": 90.06498000235297,
      "vision_ms": 6.571685982635245,
      "llm_ms": 100.41815700242296,
      "action_ms": 0.15991300460882485,
      "model_latency_ms": 107.14975598966703,
      "end_to_end_latency_ms": 197.27750000311062
    },
    {
      "step": 2,
      "model_name": "openvla-7b-finetuned-libero-spatial:bf16",
      "quant_method": "bf16",
      "weight_bits": 16,
      "activation_bits": 16,
      "kv_cache_bits": 16,
      "data_ms": 0.06274599581956863,
      "preprocess_ms": 2.6715420244727284,
      "vision_ms": 6.606879993341863,
      "llm_ms": 99.83661200385541,
      "action_ms": 0.16970399883575737,
      "model_latency_ms": 106.61319599603303,
      "end_to_end_latency_ms": 109.34748401632532
    },
    {
      "step": 3,
      "model_name": "openvla-7b-finetuned-libero-spatial:bf16",
      "quant_method": "bf16",
      "weight_bits": 16,
      "activation_bits": 16,
      "kv_cache_bits": 16,
      "data_ms": 0.06672999006696045,
      "preprocess_ms": 6.087165995268151,
      "vision_ms": 7.660296018002555,
      "llm_ms": 100.33146198838949,
      "action_ms": 0.16088498523458838,
      "model_latency_ms": 108.15264299162664,
      "end_to_end_latency_ms": 114.30653897696175
    },
    {
      "step": 4,
      "model_name": "openvla-7b-finetuned-libero-spatial:bf16",
      "quant_method": "bf16",
      "weight_bits": 16,
      "activation_bits": 16,
      "kv_cache_bits": 16,
      "data_ms": 0.06039798608981073,
      "preprocess_ms": 19.478592002997175,
      "vision_ms": 6.895155995152891,
      "llm_ms": 100.41040802025236,
      "action_ms": 0.1650220074225217,
      "model_latency_ms": 107.47058602282777,
      "end_to_end_latency_ms": 127.00957601191476
    }
  ]
}