{
  "summaries": [
    {
      "model_name": "openvla-7b-finetuned-libero-spatial:bf16",
      "quant_method": "bf16",
      "weight_bits": 16,
      "activation_bits": 16,
      "kv_cache_bits": 16,
      "data_ms_mean": 0.05820600199513137,
      "data_ms_std": 0.007067075699818911,
      "data_ms_p50": 0.061578000895679,
      "data_ms_p90": 0.06533420528285205,
      "data_ms_p95": 0.06655660690739751,
      "data_ms_min": 0.049730995669960976,
      "data_ms_max": 0.06777900853194296,
      "preprocess_ms_mean": 14.283339394023642,
      "preprocess_ms_std": 22.959699256014865,
      "preprocess_ms_p50": 2.165838988730684,
      "preprocess_ms_p90": 38.03808420198038,
      "preprocess_ms_p95": 49.09600659739225,
      "preprocess_ms_min": 2.0791779970750213,
      "preprocess_ms_max": 60.15392899280414,
      "vision_ms_mean": 6.674899393692613,
      "vision_ms_std": 0.7421764135501753,
      "vision_ms_p50": 6.3216589915100485,
      "vision_ms_p90": 7.43912099278532,
      "vision_ms_p95": 7.79760698787868,
      "vision_ms_min": 6.216367997694761,
      "vision_ms_max": 8.15609298297204,
      "llm_ms_mean": 97.44461140362546,
      "llm_ms_std": 0.17606928795947735,
      "llm_ms_p50": 97.51806402346119,
      "llm_ms_p90": 97.58966361405328,
      "llm_ms_p95": 97.59421581402421,
      "llm_ms_min": 97.11655700812116,
      "llm_ms_max": 97.59876801399514,
      "action_ms_mean": 0.14753240393474698,
      "action_ms_std": 0.01396806607509292,
      "action_ms_p50": 0.15696699847467244,
      "action_ms_p90": 0.1596550107933581,
      "action_ms_p95": 0.16046100645326078,
      "action_ms_min": 0.12546699144877493,
      "action_ms_max": 0.16126700211316347,
      "model_latency_ms_mean": 104.26704320125282,
      "model_latency_ms_std": 0.8124376682422636,
      "model_latency_ms_p50": 104.05220600659959,
      "model_latency_ms_p90": 105.12224760605022,
      "model_latency_ms_p95": 105.47668580547906,
      "model_latency_ms_min": 103.4583919972647,
      "model_latency_ms_max": 105.8311240049079,
      "end_to_end_latency_ms_mean": 118.60858859727159,
      "end_to_end_latency_ms_std": 23.741553165254693,
      "end_to_end_latency_ms_p50": 106.19296200457029,
      "end_to_end_latency_ms_p90": 143.21028040722013,
      "end_to_end_latency_ms_p95": 154.62253220030107,
      "end_to_end_latency_ms_min": 105.67349297343753,
      "end_to_end_latency_ms_max": 166.034783993382,
      "peak_cuda_memory_mb": 14754.134765625,
      "allocated_cuda_memory_mb": 14462.66796875,
      "reserved_cuda_memory_mb": 14826.0,
      "model_size_mb": 14415.776245117188,
      "theoretical_tflops": 1.424658530304,
      "effective_tflops_per_second": 13.66355548755872,
      "speedup_vs_baseline": 1.0,
      "memory_reduction_vs_baseline": 0.0,
      "model_size_reduction_vs_baseline": 0.0,
      "tflops_mu": 279,
      "tflops_mu_tilde": 279.0,
      "tflops_flops_full": 1424658530304,
      "tflops_flops_prune": 1424658530304.0,
      "tflops_tflops_full": 1.424658530304,
      "tflops_tflops_prune": 1.424658530304,
      "tflops_flops_ratio": 1.0,
      "tflops_flops_reduction_percent": 0.0
    },
    {
      "model_name": "openvla-7b-finetuned-libero-spatial:bnb_int8",
      "quant_method": "bitsandbytes-Linear8bitLt",
      "weight_bits": 8,
      "activation_bits": 8,
      "kv_cache_bits": 16,
      "data_ms_mean": 0.06154280272312462,
      "data_ms_std": 0.0012816917615466454,
      "data_ms_p50": 0.06168000982142985,
      "data_ms_p90": 0.06297860527411103,
      "data_ms_p95": 0.06308081210590899,
      "data_ms_min": 0.06003800081089139,
      "data_ms_max": 0.06318301893770695,
      "preprocess_ms_mean": 4.012368607800454,
      "preprocess_ms_std": 3.664040261970135,
      "preprocess_ms_p50": 2.120047021890059,
      "preprocess_ms_p90": 7.758153008762748,
      "preprocess_ms_p95": 9.547718008980153,
      "preprocess_ms_min": 2.103982988046482,
      "preprocess_ms_max": 11.337283009197563,
      "vision_ms_mean": 6.721224600914866,
      "vision_ms_std": 0.47180855015119266,
      "vision_ms_p50": 6.503538985271007,
      "vision_ms_p90": 7.2422160126734525,
      "vision_ms_p95": 7.446747017093003,
      "vision_ms_min": 6.411248003132641,
      "vision_ms_max": 7.651278021512553,
      "llm_ms_mean": 177.87915200460702,
      "llm_ms_std": 1.1928806711796445,
      "llm_ms_p50": 178.02179703721777,
      "llm_ms_p90": 179.1123719944153,
      "llm_ms_p95": 179.17485199286602,
      "llm_ms_min": 175.92999202315696,
      "llm_ms_max": 179.23733199131675,
      "action_ms_mean": 0.16228859894908965,
      "action_ms_std": 0.011102770242384829,
      "action_ms_p50": 0.1566960127092898,
      "action_ms_p90": 0.17466599820181727,
      "action_ms_p95": 0.1793690025806427,
      "action_ms_min": 0.15382797573693097,
      "action_ms_max": 0.18407200695946813,
      "model_latency_ms_mean": 184.76266520447098,
      "model_latency_ms_std": 1.2048287362175012,
      "model_latency_ms_p50": 185.11705700075254,
      "model_latency_ms_p90": 185.76721580466256,
      "model_latency_ms_p95": 185.78633940196596,
      "model_latency_ms_min": 182.49506800202653,
      "model_latency_ms_max": 185.80546299926937,
      "end_to_end_latency_ms_mean": 188.83657661499456,
      "end_to_end_latency_ms_std": 4.036001120634492,
      "end_to_end_latency_ms_p50": 187.9765730118379,
      "end_to_end_latency_ms_p90": 193.1730818178039,
      "end_to_end_latency_ms_p95": 194.84378141351044,
      "end_to_end_latency_ms_min": 184.66172297485173,
      "end_to_end_latency_ms_max": 196.51448100921698,
      "peak_cuda_memory_mb": 8583.33740234375,
      "allocated_cuda_memory_mb": 8291.85546875,
      "reserved_cuda_memory_mb": 8648.0,
      "model_size_mb": 8239.776245117188,
      "theoretical_tflops": 1.424658530304,
      "effective_tflops_per_second": 7.710748969373091,
      "speedup_vs_baseline": 0.5643296121857941,
      "memory_reduction_vs_baseline": 41.82419004100677,
      "model_size_reduction_vs_baseline": 42.841952420646734,
      "tflops_mu": 279,
      "tflops_mu_tilde": 279.0,
      "tflops_flops_full": 1424658530304,
      "tflops_flops_prune": 1424658530304.0,
      "tflops_tflops_full": 1.424658530304,
      "tflops_tflops_prune": 1.424658530304,
      "tflops_flops_ratio": 1.0,
      "tflops_flops_reduction_percent": 0.0
    },
    {
      "model_name": "openvla-7b-finetuned-libero-spatial:fp8",
      "quant_method": "direct-fp8-tensorwise-scaled-mm",
      "weight_bits": 8,
      "activation_bits": 8,
      "kv_cache_bits": 16,
      "data_ms_mean": 0.07250659982673824,
      "data_ms_std": 0.004627660659027355,
      "data_ms_p50": 0.07281597936525941,
      "data_ms_p90": 0.07770981756038964,
      "data_ms_p95": 0.07885642116889358,
      "data_ms_min": 0.06674998439848423,
      "data_ms_max": 0.08000302477739751,
      "preprocess_ms_mean": 57.236640399787575,
      "preprocess_ms_std": 39.626380445398055,
      "preprocess_ms_p50": 68.57626000419259,
      "preprocess_ms_p90": 97.92018620646559,
      "preprocess_ms_p95": 98.06177360587753,
      "preprocess_ms_min": 2.60332299512811,
      "preprocess_ms_max": 98.20336100528948,
      "vision_ms_mean": 7.115343597251922,
      "vision_ms_std": 0.7946019818512771,
      "vision_ms_p50": 6.719769997289404,
      "vision_ms_p90": 7.976468000560999,
      "vision_ms_p95": 8.333920000586659,
      "vision_ms_min": 6.596805993467569,
      "vision_ms_max": 8.691372000612319,
      "llm_ms_mean": 81.60471059964038,
      "llm_ms_std": 0.7615810429353398,
      "llm_ms_p50": 81.26055600587279,
      "llm_ms_p90": 82.52119339304045,
      "llm_ms_p95": 82.52981719560921,
      "llm_ms_min": 80.76198201160878,
      "llm_ms_max": 82.53844099817798,
      "action_ms_mean": 0.1772458024788648,
      "action_ms_std": 0.0031848343388344263,
      "action_ms_p50": 0.1760520099196583,
      "action_ms_p90": 0.18096340936608613,
      "action_ms_p95": 0.18099320586770773,