{
  "summaries": [
    {
      "model_name": "openvla-7b-finetuned-libero-spatial:fp16",
      "quant_method": "fp16",
      "weight_bits": 16,
      "activation_bits": 16,
      "kv_cache_bits": 16,
      "data_ms_mean": 0.062463205540552735,
      "data_ms_std": 0.004294165886591339,
      "data_ms_p50": 0.0620420032646507,
      "data_ms_p90": 0.0669154163915664,
      "data_ms_p95": 0.06849722121842206,
      "data_ms_min": 0.05676300497725606,
      "data_ms_max": 0.07007902604527771,
      "preprocess_ms_mean": 60.23883479065262,
      "preprocess_ms_std": 46.781040508195936,
      "preprocess_ms_p50": 96.02949497639202,
      "preprocess_ms_p90": 100.14520498225465,
      "preprocess_ms_p95": 101.29756497917697,
      "preprocess_ms_min": 2.144360012607649,
      "preprocess_ms_max": 102.44992497609928,
      "vision_ms_mean": 6.511408003279939,
      "vision_ms_std": 0.13832373852344268,
      "vision_ms_p50": 6.52935600373894,
      "vision_ms_p90": 6.657899200217798,
      "vision_ms_p95": 6.688837596448138,
      "vision_ms_min": 6.301237008301541,
      "vision_ms_max": 6.719775992678478,
      "llm_ms_mean": 99.76185419945978,
      "llm_ms_std": 1.3540665118063966,
      "llm_ms_p50": 100.83704799762927,
      "llm_ms_p90": 100.88501559221186,
      "llm_ms_p95": 100.89018079452217,
      "llm_ms_min": 98.08609302854165,
      "llm_ms_max": 100.89534599683248,
      "action_ms_mean": 0.17394699389114976,
      "action_ms_std": 0.007530414373844646,
      "action_ms_p50": 0.17657701391726732,
      "action_ms_p90": 0.1814531977288425,
      "action_ms_p95": 0.18291560118086636,
      "action_ms_min": 0.1621699775569141,
      "action_ms_max": 0.18437800463289022,
      "model_latency_ms_mean": 106.44720919663087,
      "model_latency_ms_std": 1.3636854846059305,
      "model_latency_ms_p50": 107.5139989843592,
      "model_latency_ms_p90": 107.57394219981506,
      "model_latency_ms_p95": 107.5746976013761,
      "model_latency_ms_min": 104.54950001440011,
      "model_latency_ms_max": 107.57545300293714,
      "end_to_end_latency_ms_mean": 166.74850719282404,
      "end_to_end_latency_ms_std": 47.05587152858902,
      "end_to_end_latency_ms_p50": 203.66334097343497,
      "end_to_end_latency_ms_p90": 206.22551776468754,
      "end_to_end_latency_ms_p95": 206.88106135930866,
      "end_to_end_latency_ms_min": 108.50184803712182,
      "end_to_end_latency_ms_max": 207.53660495392978,
      "peak_cuda_memory_mb": 14752.134765625,
      "allocated_cuda_memory_mb": 14460.66796875,
      "reserved_cuda_memory_mb": 14826.0,
      "model_size_mb": 14415.776245117188,
      "theoretical_tflops": 1.424658530304,
      "effective_tflops_per_second": 13.383709550077068,
      "speedup_vs_baseline": 1.0,
      "memory_reduction_vs_baseline": 0.0,
      "model_size_reduction_vs_baseline": 0.0,
      "tflops_mu": 279,
      "tflops_mu_tilde": 279.0,
      "tflops_flops_full": 1424658530304,
      "tflops_flops_prune": 1424658530304.0,
      "tflops_tflops_full": 1.424658530304,
      "tflops_tflops_prune": 1.424658530304,
      "tflops_flops_ratio": 1.0,
      "tflops_flops_reduction_percent": 0.0
    },
    {
      "model_name": "openvla-7b-finetuned-libero-spatial:bnb_int8",
      "quant_method": "bitsandbytes-Linear8bitLt",
      "weight_bits": 8,
      "activation_bits": 8,
      "kv_cache_bits": 16,
      "data_ms_mean": 0.06034279940649867,
      "data_ms_std": 0.0012911200471180772,
      "data_ms_p50": 0.06060799933038652,
      "data_ms_p90": 0.0616893928963691,
      "data_ms_p95": 0.06198019254952669,
      "data_ms_min": 0.05839101504534483,
      "data_ms_max": 0.06227099220268428,
      "preprocess_ms_mean": 2.4085745972115546,
      "preprocess_ms_std": 0.18541938514126982,
      "preprocess_ms_p50": 2.300727996043861,
      "preprocess_ms_p90": 2.636231400538236,
      "preprocess_ms_p95": 2.650167199317366,
      "preprocess_ms_min": 2.1927449852228165,
      "preprocess_ms_max": 2.664102998096496,
      "vision_ms_mean": 6.584600202040747,
      "vision_ms_std": 0.15465072268753147,
      "vision_ms_p50": 6.552103004651144,
      "vision_ms_p90": 6.769498804351315,
      "vision_ms_p95": 6.804688408738002,
      "vision_ms_min": 6.406778993550688,
      "vision_ms_max": 6.8398780131246895,
      "llm_ms_mean": 160.5655856023077,
      "llm_ms_std": 1.2627509935940389,
      "llm_ms_p50": 160.46972401090898,
      "llm_ms_p90": 161.95171639556065,
      "llm_ms_p95": 162.41096419398673,
      "llm_ms_min": 159.14535598130897,
      "llm_ms_max": 162.8702119924128,
      "action_ms_mean": 0.16189920133911073,
      "action_ms_std": 0.004256842149939811,
      "action_ms_p50": 0.16090998542495072,
      "action_ms_p90": 0.16705120797269046,
      "action_ms_p95": 0.16766260960139334,
      "action_ms_min": 0.15731900930404663,
      "action_ms_max": 0.16827401123009622,
      "model_latency_ms_mean": 167.31208500568755,
      "model_latency_ms_std": 1.4099224694387305,
      "model_latency_ms_p50": 167.17960301321,
      "model_latency_ms_p90": 168.88169340672903,
      "model_latency_ms_p95": 169.37455121078528,
      "model_latency_ms_min": 165.72040898608975,
      "model_latency_ms_max": 169.86740901484154,
      "end_to_end_latency_ms_mean": 169.7810024023056,
      "end_to_end_latency_ms_std": 1.5122600856767885,
      "end_to_end_latency_ms_p50": 169.54260200145654,
      "end_to_end_latency_ms_p90": 171.41727259731852,
      "end_to_end_latency_ms_p95": 172.00420580338687,
      "end_to_end_latency_ms_min": 168.0720989825204,
      "end_to_end_latency_ms_max": 172.59113900945522,
      "peak_cuda_memory_mb": 8591.86572265625,
      "allocated_cuda_memory_mb": 8289.85546875,
      "reserved_cuda_memory_mb": 8644.0,
      "model_size_mb": 8239.776245117188,
      "theoretical_tflops": 1.424658530304,
      "effective_tflops_per_second": 8.514976848537692,
      "speedup_vs_baseline": 0.6362194888254028,
      "memory_reduction_vs_baseline": 41.758492183268494,
      "model_size_reduction_vs_baseline": 42.841952420646734,
      "tflops_mu": 279,
      "tflops_mu_tilde": 279.0,
      "tflops_flops_full": 1424658530304,
      "tflops_flops_prune": 1424658530304.0,
      "tflops_tflops_full": 1.424658530304,
      "tflops_tflops_prune": 1.424658530304,
      "tflops_flops_ratio": 1.0,
      "tflops_flops_reduction_percent": 0.0
    }
  ],
  "comparison": [
    {
      "model_name": "openvla-7b-finetuned-libero-spatial:fp16",
      "quant_method": "fp16",
      "model_latency_speedup": 1.0,
      "end_to_end_latency_speedup": 1.0,
      "vision_latency_speedup": 1.0,
      "llm_latency_speedup": 1.0,
      "action_latency_speedup": 1.0,
      "peak_memory_reduction_percent": 0.0,
      "model_size_reduction_percent": 0.0,
      "effective_tflops_per_second": 13.383709550077068,
      "effective_tflops_per_second_improvement": 1.0
    },
    {
      "model_name": "openvla-7b-finetuned-libero-spatial:bnb_int8",
      "quant_method": "bitsandbytes-Linear8bitLt",
      "model_latency_speedup": 0.6362194888254028,
      "end_to_end_latency_speedup": 0.9821387836885549,
      "vision_latency_speedup": 0.9888843367076222,
      "llm_latency_speedup": 0.6213152950879032,
      "action_latency_speedup": 1.0744153921229294,
      "peak_memory_reduction_percent": 41.758492183268494,
      "model_size_reduction_percent": 42.841952420646734,
      "effective_tflops_per_second": 8.514976848537692,
      "effective_tflops_per_second_improvement": 0.6362194888254027
    }
  ],
  "raw_measurements": [
    {
      "step": 0,
      "model_name": "openvla-7b-finetuned-libero-spatial:fp16",
      "quant_method": "fp16",
      "weight_bits": 16,
      "activation_bits": 16,
      "kv_cache_bits": 16,
      "data_ms": 0.05676300497725606,
      "preprocess_ms": 96.68812499148771,
      "vision_ms": 6.441587000153959,
      "llm_ms": 100.89534599683248,
      "action_ms": 0.1770659873727709,
      "model_latency_ms": 107.5139989843592,