{
  "summaries": [
    {
      "model_name": "openvla-7b-finetuned-libero-spatial:fp16",
      "quant_method": "fp16",
      "weight_bits": 16,
      "activation_bits": 16,
      "kv_cache_bits": 16,
      "data_ms_mean": 0.06393879884853959,
      "data_ms_std": 0.0029201109891074514,
      "data_ms_p50": 0.06475299596786499,
      "data_ms_p90": 0.06699739606119692,
      "data_ms_p95": 0.06717219366692007,
      "data_ms_min": 0.059815996792167425,
      "data_ms_max": 0.06734699127264321,
      "preprocess_ms_mean": 21.920362196397036,
      "preprocess_ms_std": 38.221313829897795,
      "preprocess_ms_p50": 2.7483159792609513,
      "preprocess_ms_p90": 60.646553005790345,
      "preprocess_ms_p95": 79.49854900944045,
      "preprocess_ms_min": 2.154662011889741,
      "preprocess_ms_max": 98.3505450130906,
      "vision_ms_mean": 6.4004975953139365,
      "vision_ms_std": 0.06247812598285704,
      "vision_ms_p50": 6.390094000380486,
      "vision_ms_p90": 6.466023396933451,
      "vision_ms_p95": 6.490372197004035,
      "vision_ms_min": 6.323459994746372,
      "vision_ms_max": 6.514720997074619,
      "llm_ms_mean": 99.92622181307524,
      "llm_ms_std": 0.33516127691223935,
      "llm_ms_p50": 99.920741020469,
      "llm_ms_p90": 100.26001040823758,
      "llm_ms_p95": 100.36973821697757,
      "llm_ms_min": 99.42312401835807,
      "llm_ms_max": 100.47946602571756,
      "action_ms_mean": 0.16723439330235124,
      "action_ms_std": 0.008678300194175507,
      "action_ms_p50": 0.16382898320443928,
      "action_ms_p90": 0.17751039704307914,
      "action_ms_p95": 0.18033019732683897,
      "action_ms_min": 0.15837798127904534,
      "action_ms_max": 0.1831499976105988,
      "model_latency_ms_mean": 106.49395380169153,
      "model_latency_ms_std": 0.33571679241037494,
      "model_latency_ms_p50": 106.48268499062397,
      "model_latency_ms_p90": 106.84605240821838,
      "model_latency_ms_p95": 106.94116220693104,
      "model_latency_ms_min": 105.98751000361517,
      "model_latency_ms_max": 107.0362720056437,
      "end_to_end_latency_ms_mean": 128.4782547969371,
      "end_to_end_latency_ms_std": 38.2488975161922,
      "end_to_end_latency_ms_p50": 109.25223902449943,
      "end_to_end_latency_ms_p90": 167.0397816109471,
      "end_to_end_latency_ms_p95": 186.0054328164551,
      "end_to_end_latency_ms_min": 108.80775496480055,
      "end_to_end_latency_ms_max": 204.97108402196318,
      "peak_cuda_memory_mb": 14754.134765625,
      "allocated_cuda_memory_mb": 14462.66796875,
      "reserved_cuda_memory_mb": 14826.0,
      "model_size_mb": 14415.776245117188,
      "theoretical_tflops": 1.424658530304,
      "effective_tflops_per_second": 13.377834885884113,
      "speedup_vs_baseline": 1.0,
      "memory_reduction_vs_baseline": 0.0,
      "model_size_reduction_vs_baseline": 0.0,
      "tflops_mu": 279,
      "tflops_mu_tilde": 279.0,
      "tflops_flops_full": 1424658530304,
      "tflops_flops_prune": 1424658530304.0,
      "tflops_tflops_full": 1.424658530304,
      "tflops_tflops_prune": 1.424658530304,
      "tflops_flops_ratio": 1.0,
      "tflops_flops_reduction_percent": 0.0
    },
    {
      "model_name": "openvla-7b-finetuned-libero-spatial:bnb_int8",
      "quant_method": "bitsandbytes-Linear8bitLt",
      "weight_bits": 8,
      "activation_bits": 8,
      "kv_cache_bits": 16,
      "data_ms_mean": 0.06484300247393548,
      "data_ms_std": 0.004007602362126588,
      "data_ms_p50": 0.06571199628524482,
      "data_ms_p90": 0.0690600136294961,
      "data_ms_p95": 0.0691350142005831,
      "data_ms_min": 0.059237994719296694,
      "data_ms_max": 0.0692100147716701,
      "preprocess_ms_mean": 60.06462079822086,
      "preprocess_ms_std": 45.86637403403624,
      "preprocess_ms_p50": 92.45243601617403,
      "preprocess_ms_p90": 100.66324400249869,
      "preprocess_ms_p95": 102.28448499692604,
      "preprocess_ms_min": 2.925861976109445,
      "preprocess_ms_max": 103.90572599135339,
      "vision_ms_mean": 7.086497597629204,
      "vision_ms_std": 0.6279564735667412,
      "vision_ms_p50": 6.806991994380951,
      "vision_ms_p90": 7.766578998416662,
      "vision_ms_p95": 8.047640998847783,
      "vision_ms_min": 6.641040003160015,
      "vision_ms_max": 8.328702999278903,
      "llm_ms_mean": 165.35077621228993,
      "llm_ms_std": 2.36424394482945,
      "llm_ms_p50": 165.19474901724607,
      "llm_ms_p90": 167.92789339087903,
      "llm_ms_p95": 168.13827919540927,
      "llm_ms_min": 161.598891048925,
      "llm_ms_max": 168.3486649999395,
      "action_ms_mean": 0.16532018780708313,
      "action_ms_std": 0.008501199713279586,
      "action_ms_p50": 0.16626101569272578,
      "action_ms_p90": 0.17481658142060041,
      "action_ms_p95": 0.17646278138272464,
      "action_ms_min": 0.15406397869810462,
      "action_ms_max": 0.17810898134484887,
      "model_latency_ms_mean": 172.60259399772622,
      "model_latency_ms_std": 2.7801995607708894,
      "model_latency_ms_p50": 172.17161899316125,
      "model_latency_ms_p90": 175.74047398520634,
      "model_latency_ms_p95": 176.28595298156142,
      "model_latency_ms_min": 168.48954002489336,
      "model_latency_ms_max": 176.8314319779165,
      "end_to_end_latency_ms_mean": 232.732057798421,
      "end_to_end_latency_ms_std": 46.93598453046565,
      "end_to_end_latency_ms_p50": 267.27708301041275,
      "end_to_end_latency_ms_p90": 273.4290142019745,
      "end_to_end_latency_ms_p95": 274.7877846006304,
      "end_to_end_latency_ms_min": 171.48111399728805,
      "end_to_end_latency_ms_max": 276.1465549992863,
      "peak_cuda_memory_mb": 8593.86572265625,
      "allocated_cuda_memory_mb": 8291.85546875,
      "reserved_cuda_memory_mb": 8644.0,
      "model_size_mb": 8239.776245117188,
      "theoretical_tflops": 1.424658530304,
      "effective_tflops_per_second": 8.253980993604117,
      "speedup_vs_baseline": 0.6169893008855616,
      "memory_reduction_vs_baseline": 41.75283160162862,
      "model_size_reduction_vs_baseline": 42.841952420646734,
      "tflops_mu": 279,
      "tflops_mu_tilde": 279.0,
      "tflops_flops_full": 1424658530304,
      "tflops_flops_prune": 1424658530304.0,
      "tflops_tflops_full": 1.424658530304,
      "tflops_tflops_prune": 1.424658530304,
      "tflops_flops_ratio": 1.0,
      "tflops_flops_reduction_percent": 0.0
    }
  ],
  "comparison": [
    {
      "model_name": "openvla-7b-finetuned-libero-spatial:fp16",
      "quant_method": "fp16",
      "model_latency_speedup": 1.0,
      "end_to_end_latency_speedup": 1.0,
      "vision_latency_speedup": 1.0,
      "llm_latency_speedup": 1.0,
      "action_latency_speedup": 1.0,
      "peak_memory_reduction_percent": 0.0,
      "model_size_reduction_percent": 0.0,
      "effective_tflops_per_second": 13.377834885884113,
      "effective_tflops_per_second_improvement": 1.0
    },
    {
      "model_name": "openvla-7b-finetuned-libero-spatial:bnb_int8",
      "quant_method": "bitsandbytes-Linear8bitLt",
      "model_latency_speedup": 0.6169893008855616,
      "end_to_end_latency_speedup": 0.5520436505924659,
      "vision_latency_speedup": 0.9031961850174379,
      "llm_latency_speedup": 0.6043287131883938,
      "action_latency_speedup": 1.0115787764377684,
      "peak_memory_reduction_percent": 41.75283160162862,
      "model_size_reduction_percent": 42.841952420646734,
      "effective_tflops_per_second": 8.253980993604117,
      "effective_tflops_per_second_improvement": 0.6169893008855617
    }
  ],
  "raw_measurements": [
    {
      "step": 0,
      "model_name": "openvla-7b-finetuned-libero-spatial:fp16",
      "quant_method": "fp16",
      "weight_bits": 16,
      "activation_bits": 16,
      "kv_cache_bits": 16,
      "data_ms": 0.06475299596786499,
      "preprocess_ms": 4.090564994839951,
      "vision_ms": 6.381235987646505,
      "llm_ms": 99.42312401835807,
      "action_ms": 0.1831499976105988,
      "model_latency_ms": 105.98751000361517,