{
  "summaries": [
    {
      "model_name": "openvla-7b-finetuned-libero-spatial:bf16",
      "quant_method": "bf16",
      "weight_bits": 16,
      "activation_bits": 16,
      "kv_cache_bits": 16,
      "data_ms_mean": 0.07070819847285748,
      "data_ms_std": 0.0025136213940689287,
      "data_ms_p50": 0.07007300155237317,
      "data_ms_p90": 0.0736618007067591,
      "data_ms_p95": 0.07438440225087106,
      "data_ms_min": 0.06777301314286888,
      "data_ms_max": 0.07510700379498303,
      "preprocess_ms_mean": 83.31614180351608,
      "preprocess_ms_std": 36.67157701424646,
      "preprocess_ms_p50": 94.79843502049334,
      "preprocess_ms_p90": 109.35512959840707,
      "preprocess_ms_p95": 112.42130380123854,
      "preprocess_ms_min": 11.573216004762799,
      "preprocess_ms_max": 115.48747800407,
      "vision_ms_mean": 7.898277189815417,
      "vision_ms_std": 1.260359297184474,
      "vision_ms_p50": 7.294020993867889,
      "vision_ms_p90": 9.470690379384905,
      "vision_ms_p95": 9.697911178227514,
      "vision_ms_min": 6.737586983945221,
      "vision_ms_max": 9.925131977070123,
      "llm_ms_mean": 104.08785121398978,
      "llm_ms_std": 1.2305346945026368,
      "llm_ms_p50": 103.42469500028528,
      "llm_ms_p90": 105.53382782381959,
      "llm_ms_p95": 105.98838242003694,
      "llm_ms_min": 103.15529099898413,
      "llm_ms_max": 106.44293701625429,
      "action_ms_mean": 0.19809839432127774,
      "action_ms_std": 0.01151870817739687,
      "action_ms_p50": 0.19426297512836754,
      "action_ms_p90": 0.21171020925976336,
      "action_ms_p95": 0.21447660983540118,
      "action_ms_min": 0.18324199481867254,
      "action_ms_max": 0.217243010411039,
      "model_latency_ms_mean": 112.18422679812647,
      "model_latency_ms_std": 2.0592040019606332,
      "model_latency_ms_p50": 111.6584480041638,
      "model_latency_ms_p90": 114.68805359909311,
      "model_latency_ms_p95": 115.06171480286866,
      "model_latency_ms_min": 110.08415100513957,
      "model_latency_ms_max": 115.43537600664422,
      "end_to_end_latency_ms_mean": 195.5710768001154,
      "end_to_end_latency_ms_std": 37.91319169722429,
      "end_to_end_latency_ms_p50": 206.52695602620952,
      "end_to_end_latency_ms_p90": 223.74005598248914,
      "end_to_end_latency_ms_p95": 226.4330489852,
      "end_to_end_latency_ms_min": 121.73247401369736,
      "end_to_end_latency_ms_max": 229.12604198791087,
      "peak_cuda_memory_mb": 14784.18115234375,
      "allocated_cuda_memory_mb": 14460.66796875,
      "reserved_cuda_memory_mb": 14842.0,
      "model_size_mb": 14415.776245117188,
      "theoretical_tflops": 1.424658530304,
      "effective_tflops_per_second": 12.699276635989547,
      "speedup_vs_baseline": 1.0,
      "memory_reduction_vs_baseline": 0.0,
      "model_size_reduction_vs_baseline": 0.0,
      "tflops_mu": 279,
      "tflops_mu_tilde": 279.0,
      "tflops_flops_full": 1424658530304,
      "tflops_flops_prune": 1424658530304.0,
      "tflops_tflops_full": 1.424658530304,
      "tflops_tflops_prune": 1.424658530304,
      "tflops_flops_ratio": 1.0,
      "tflops_flops_reduction_percent": 0.0
    },
    {
      "model_name": "openvla-7b-finetuned-libero-spatial:fp8",
      "quant_method": "direct-fp8-tensorwise-scaled-mm",
      "weight_bits": 8,
      "activation_bits": 8,
      "kv_cache_bits": 16,
      "data_ms_mean": 0.06861999281682074,
      "data_ms_std": 0.004339139119026214,
      "data_ms_p50": 0.06766000296920538,
      "data_ms_p90": 0.07347399368882179,
      "data_ms_p95": 0.07495099562220275,
      "data_ms_min": 0.06330499309115112,
      "data_ms_max": 0.07642799755558372,
      "preprocess_ms_mean": 45.25703981053084,
      "preprocess_ms_std": 39.315511642637446,
      "preprocess_ms_p50": 29.933960002381355,
      "preprocess_ms_p90": 92.77968921232969,
      "preprocess_ms_p95": 94.25327361095697,
      "preprocess_ms_min": 2.4347440048586577,
      "preprocess_ms_max": 95.72685800958425,
      "vision_ms_mean": 7.579574588453397,
      "vision_ms_std": 1.1031472409994925,
      "vision_ms_p50": 6.829866993939504,
      "vision_ms_p90": 8.96207038895227,
      "vision_ms_p95": 9.063712187344208,
      "vision_ms_min": 6.5340399742126465,
      "vision_ms_max": 9.165353985736147,
      "llm_ms_mean": 82.102014409611,
      "llm_ms_std": 0.7798349658742953,
      "llm_ms_p50": 81.76330200512893,
      "llm_ms_p90": 83.02934640669264,
      "llm_ms_p95": 83.28050620038994,
      "llm_ms_min": 81.30835901829414,
      "llm_ms_max": 83.53166599408723,
      "action_ms_mean": 0.17803959781304002,
      "action_ms_std": 0.008477837352276842,
      "action_ms_p50": 0.17658600700087845,
      "action_ms_p90": 0.1881645934190601,
      "action_ms_p95": 0.1899507944472134,
      "action_ms_min": 0.16847500228323042,
      "action_ms_max": 0.1917369954753667,
      "model_latency_ms_mean": 89.85962859587744,
      "model_latency_ms_std": 1.0704086457686615,
      "model_latency_ms_p50": 90.54433897836134,
      "model_latency_ms_p90": 90.81925959908403,
      "model_latency_ms_p95": 90.8960387983825,
      "model_latency_ms_min": 88.21156300837174,
      "model_latency_ms_max": 90.97281799768098,
      "end_to_end_latency_ms_mean": 135.1852883992251,
      "end_to_end_latency_ms_std": 40.21770307943945,
      "end_to_end_latency_ms_p50": 120.54160397383384,
      "end_to_end_latency_ms_p90": 183.59509041183628,
      "end_to_end_latency_ms_p95": 184.99364921008237,
      "end_to_end_latency_ms_min": 90.71297099580988,
      "end_to_end_latency_ms_max": 186.39220800832845,
      "peak_cuda_memory_mb": 8608.39990234375,
      "allocated_cuda_memory_mb": 8284.88671875,
      "reserved_cuda_memory_mb": 8666.0,
      "model_size_mb": 8239.777954101562,
      "theoretical_tflops": 1.424658530304,
      "effective_tflops_per_second": 15.854266844469912,
      "speedup_vs_baseline": 1.248438576378372,
      "memory_reduction_vs_baseline": 41.77290028011424,
      "model_size_reduction_vs_baseline": 42.84194056568765,
      "tflops_mu": 279,
      "tflops_mu_tilde": 279.0,
      "tflops_flops_full": 1424658530304,
      "tflops_flops_prune": 1424658530304.0,
      "tflops_tflops_full": 1.424658530304,
      "tflops_tflops_prune": 1.424658530304,
      "tflops_flops_ratio": 1.0,
      "tflops_flops_reduction_percent": 0.0
    }
  ],
  "comparison": [
    {
      "model_name": "openvla-7b-finetuned-libero-spatial:bf16",
      "quant_method": "bf16",
      "model_latency_speedup": 1.0,
      "end_to_end_latency_speedup": 1.0,
      "vision_latency_speedup": 1.0,
      "llm_latency_speedup": 1.0,
      "action_latency_speedup": 1.0,
      "peak_memory_reduction_percent": 0.0,
      "model_size_reduction_percent": 0.0,
      "effective_tflops_per_second": 12.699276635989547,
      "effective_tflops_per_second_improvement": 1.0
    },
    {
      "model_name": "openvla-7b-finetuned-libero-spatial:fp8",
      "quant_method": "direct-fp8-tensorwise-scaled-mm",
      "model_latency_speedup": 1.248438576378372,
      "end_to_end_latency_speedup": 1.4466890526028306,
      "vision_latency_speedup": 1.042047557899559,
      "llm_latency_speedup": 1.2677868133014416,
      "action_latency_speedup": 1.1126648046537464,
      "peak_memory_reduction_percent": 41.77290028011424,
      "model_size_reduction_percent": 42.84194056568765,
      "effective_tflops_per_second": 15.854266844469912,
      "effective_tflops_per_second_improvement": 1.248438576378372
    }
  ],
  "raw_measurements": [
    {
      "step": 0,
      "model_name": "openvla-7b-finetuned-libero-spatial:bf16",
      "quant_method": "bf16",
      "weight_bits": 16,
      "activation_bits": 16,
      "kv_cache_bits": 16,
      "data_ms": 0.07510700379498303,
      "preprocess_ms": 11.573216004762799,
      "vision_ms": 6.745618011336774,
      "llm_ms": 103.15529099898413,
      "action_ms": 0.18324199481867254,
      "model_latency_ms": 110.08415100513957,