{
  "summaries": [
    {
      "model_name": "openvla-7b-finetuned-libero-spatial:bf16",
      "quant_method": "bf16",
      "weight_bits": 16,
      "activation_bits": 16,
      "kv_cache_bits": 16,
      "data_ms_mean": 0.06892580422572792,
      "data_ms_std": 0.008352394393683547,
      "data_ms_p50": 0.06721098907291889,
      "data_ms_p90": 0.07863441715016961,
      "data_ms_p95": 0.08075221558101475,
      "data_ms_min": 0.0580729974899441,
      "data_ms_max": 0.0828700140118599,
      "preprocess_ms_mean": 58.77596319769509,
      "preprocess_ms_std": 46.12540505218875,
      "preprocess_ms_p50": 95.67673999117687,
      "preprocess_ms_p90": 96.99813140905462,
      "preprocess_ms_p95": 97.37346420879476,
      "preprocess_ms_min": 2.2441979963332415,
      "preprocess_ms_max": 97.7487970085349,
      "vision_ms_mean": 6.615100393537432,
      "vision_ms_std": 0.13988760892341065,
      "vision_ms_p50": 6.613839999772608,
      "vision_ms_p90": 6.769744597841054,
      "vision_ms_p95": 6.775199802359566,
      "vision_ms_min": 6.411198992282152,
      "vision_ms_max": 6.780655006878078,
      "llm_ms_mean": 101.0457972122822,
      "llm_ms_std": 0.28770169623764486,
      "llm_ms_p50": 101.03433500626124,
      "llm_ms_p90": 101.35465660714544,
      "llm_ms_p95": 101.38439480797388,
      "llm_ms_min": 100.5791730422061,
      "llm_ms_max": 101.41413300880231,
      "action_ms_mean": 0.17333439900539815,
      "action_ms_std": 0.021086336615095683,
      "action_ms_p50": 0.1688470074441284,
      "action_ms_p90": 0.19653479102998972,
      "action_ms_p95": 0.20317238522693515,
      "action_ms_min": 0.14475200441665947,
      "action_ms_max": 0.20980997942388058,
      "model_latency_ms_mean": 107.83423200482503,
      "model_latency_ms_std": 0.2738156352021838,
      "model_latency_ms_p50": 107.95071799657308,
      "model_latency_ms_p90": 108.11540941358544,
      "model_latency_ms_p95": 108.16000221529976,
      "model_latency_ms_min": 107.49185399618,
      "model_latency_ms_max": 108.20459501701407,
      "end_to_end_latency_ms_mean": 166.67912100674585,
      "end_to_end_latency_ms_std": 46.38071067824778,
      "end_to_end_latency_ms_p50": 203.69973900960758,
      "end_to_end_latency_ms_p90": 205.17406222061254,
      "end_to_end_latency_ms_p95": 205.59276362182572,
      "end_to_end_latency_ms_min": 109.80326298158616,
      "end_to_end_latency_ms_max": 206.0114650230389,
      "peak_cuda_memory_mb": 14784.18115234375,
      "allocated_cuda_memory_mb": 14460.66796875,
      "reserved_cuda_memory_mb": 14842.0,
      "model_size_mb": 14415.776245117188,
      "theoretical_tflops": 1.424658530304,
      "effective_tflops_per_second": 13.211560965540643,
      "speedup_vs_baseline": 1.0,
      "memory_reduction_vs_baseline": 0.0,
      "model_size_reduction_vs_baseline": 0.0,
      "tflops_mu": 279,
      "tflops_mu_tilde": 279.0,
      "tflops_flops_full": 1424658530304,
      "tflops_flops_prune": 1424658530304.0,
      "tflops_tflops_full": 1.424658530304,
      "tflops_tflops_prune": 1.424658530304,
      "tflops_flops_ratio": 1.0,
      "tflops_flops_reduction_percent": 0.0
    }
  ],
  "comparison": [
    {
      "model_name": "openvla-7b-finetuned-libero-spatial:bf16",
      "quant_method": "bf16",
      "model_latency_speedup": 1.0,
      "end_to_end_latency_speedup": 1.0,
      "vision_latency_speedup": 1.0,
      "llm_latency_speedup": 1.0,
      "action_latency_speedup": 1.0,
      "peak_memory_reduction_percent": 0.0,
      "model_size_reduction_percent": 0.0,
      "effective_tflops_per_second": 13.211560965540643,
      "effective_tflops_per_second_improvement": 1.0
    }
  ],
  "raw_measurements": [
    {
      "step": 0,
      "model_name": "openvla-7b-finetuned-libero-spatial:bf16",
      "quant_method": "bf16",
      "weight_bits": 16,
      "activation_bits": 16,
      "kv_cache_bits": 16,
      "data_ms": 0.0828700140118599,
      "preprocess_ms": 2.3379479825962335,
      "vision_ms": 6.7533789842855185,
      "llm_ms": 100.5791730422061,
      "action_ms": 0.20980997942388058,
      "model_latency_ms": 107.54236200591549,
      "end_to_end_latency_ms": 109.96318000252359
    },
    {
      "step": 1,
      "model_name": "openvla-7b-finetuned-libero-spatial:bf16",
      "quant_method": "bf16",
      "weight_bits": 16,
      "activation_bits": 16,
      "kv_cache_bits": 16,
      "data_ms": 0.06721098907291889,
      "preprocess_ms": 2.2441979963332415,
      "vision_ms": 6.411198992282152,
      "llm_ms": 100.93590299948119,
      "action_ms": 0.14475200441665947,
      "model_latency_ms": 107.49185399618,
      "end_to_end_latency_ms": 109.80326298158616
    },
    {
      "step": 2,
      "model_name": "openvla-7b-finetuned-libero-spatial:bf16",
      "quant_method": "bf16",
      "weight_bits": 16,
      "activation_bits": 16,
      "kv_cache_bits": 16,
      "data_ms": 0.0580729974899441,
      "preprocess_ms": 97.7487970085349,
      "vision_ms": 6.613839999772608,
      "llm_ms": 101.41413300880231,
      "action_ms": 0.17662200843915343,
      "model_latency_ms": 108.20459501701407,
      "end_to_end_latency_ms": 206.0114650230389
    },
    {
      "step": 3,
      "model_name": "openvla-7b-finetuned-libero-spatial:bf16",
      "quant_method": "bf16",
      "weight_bits": 16,
      "activation_bits": 16,
      "kv_cache_bits": 16,
      "data_ms": 0.07228102185763419,
      "preprocess_ms": 95.67673999117687,
      "vision_ms": 6.516428984468803,
      "llm_ms": 101.26544200466014,
      "action_ms": 0.1688470074441284,
      "model_latency_ms": 107.95071799657308,
      "end_to_end_latency_ms": 203.69973900960758
    },
    {
      "step": 4,
      "model_name": "openvla-7b-finetuned-libero-spatial:bf16",
      "quant_method": "bf16",
      "weight_bits": 16,
      "activation_bits": 16,
      "kv_cache_bits": 16,
      "data_ms": 0.0641939986962825,
      "preprocess_ms": 95.87213300983422,
      "vision_ms": 6.780655006878078,
      "llm_ms": 101.03433500626124,
      "action_ms": 0.1666409953031689,
      "model_latency_ms": 107.98163100844249,
      "end_to_end_latency_ms": 203.917958016973
    }
  ]
}