{
  "summaries": [
    {
      "model_name": "openvla-7b-finetuned-libero-spatial:bf16",
      "quant_method": "bf16",
      "weight_bits": 16,
      "activation_bits": 16,
      "kv_cache_bits": 16,
      "data_ms_mean": 0.0638876052107662,
      "data_ms_std": 0.004001533918618184,
      "data_ms_p50": 0.06361299892887473,
      "data_ms_p90": 0.06815480883233249,
      "data_ms_p95": 0.06855041137896478,
      "data_ms_min": 0.0573110010009259,
      "data_ms_max": 0.06894601392559707,
      "preprocess_ms_mean": 40.916926792124286,
      "preprocess_ms_std": 46.559435083824354,
      "preprocess_ms_p50": 4.46456199279055,
      "preprocess_ms_p90": 98.19496039417572,
      "preprocess_ms_p95": 98.74288719147444,
      "preprocess_ms_min": 2.1328979928512126,
      "preprocess_ms_max": 99.29081398877315,
      "vision_ms_mean": 6.6966270038392395,
      "vision_ms_std": 0.2850269924163311,
      "vision_ms_p50": 6.675545999314636,
      "vision_ms_p90": 6.9934648054186255,
      "vision_ms_p95": 7.084563403623179,
      "vision_ms_min": 6.282949005253613,
      "vision_ms_max": 7.175662001827732,
      "llm_ms_mean": 101.5533841913566,
      "llm_ms_std": 0.2110602065532164,
      "llm_ms_p50": 101.5638729732018,
      "llm_ms_p90": 101.77775578340515,
      "llm_ms_p95": 101.8384113907814,
      "llm_ms_min": 101.2494640017394,
      "llm_ms_max": 101.89906699815765,
      "action_ms_mean": 0.1677843974903226,
      "action_ms_std": 0.003885943524671928,
      "action_ms_p50": 0.16728401533327997,
      "action_ms_p90": 0.17229500226676464,
      "action_ms_p95": 0.17240700544789433,
      "action_ms_min": 0.16341498121619225,
      "action_ms_max": 0.17251900862902403,
      "model_latency_ms_mean": 108.41779559268616,
      "model_latency_ms_std": 0.24694771457729586,
      "model_latency_ms_p50": 108.45656099263579,
      "model_latency_ms_p90": 108.68349159136415,
      "model_latency_ms_p95": 108.7150317907799,
      "model_latency_ms_min": 108.0460219818633,
      "model_latency_ms_max": 108.74657199019566,
      "end_to_end_latency_ms_mean": 149.3986099900212,
      "end_to_end_latency_ms_std": 46.653690633914536,
      "end_to_end_latency_ms_p50": 113.26844498398714,
      "end_to_end_latency_ms_p90": 206.7990621959325,
      "end_to_end_latency_ms_p95": 207.37384659587406,
      "end_to_end_latency_ms_min": 110.24253297364339,
      "end_to_end_latency_ms_max": 207.94863099581562,
      "peak_cuda_memory_mb": 14752.134765625,
      "allocated_cuda_memory_mb": 14460.66796875,
      "reserved_cuda_memory_mb": 14826.0,
      "model_size_mb": 14415.776245117188,
      "theoretical_tflops": 1.424658530304,
      "effective_tflops_per_second": 13.140449153350128,
      "speedup_vs_baseline": 1.0,
      "memory_reduction_vs_baseline": 0.0,
      "model_size_reduction_vs_baseline": 0.0,
      "tflops_mu": 279,
      "tflops_mu_tilde": 279.0,
      "tflops_flops_full": 1424658530304,
      "tflops_flops_prune": 1424658530304.0,
      "tflops_tflops_full": 1.424658530304,
      "tflops_tflops_prune": 1.424658530304,
      "tflops_flops_ratio": 1.0,
      "tflops_flops_reduction_percent": 0.0
    },
    {
      "model_name": "openvla-7b-finetuned-libero-spatial:bnb_int8",
      "quant_method": "bitsandbytes-Linear8bitLt",
      "weight_bits": 8,
      "activation_bits": 8,
      "kv_cache_bits": 16,
      "data_ms_mean": 0.06206840625964105,
      "data_ms_std": 0.0022994457597362164,
      "data_ms_p50": 0.0613390002399683,
      "data_ms_p90": 0.06449102074839175,
      "data_ms_p95": 0.06552301929332316,
      "data_ms_min": 0.05999399581924081,
      "data_ms_max": 0.06655501783825457,
      "preprocess_ms_mean": 47.0095596043393,
      "preprocess_ms_std": 26.785041895172622,
      "preprocess_ms_p50": 60.362944001099095,
      "preprocess_ms_p90": 71.34240820305422,
      "preprocess_ms_p95": 72.59075259789824,
      "preprocess_ms_min": 2.1560190070886165,
      "preprocess_ms_max": 73.83909699274227,
      "vision_ms_mean": 6.619104801211506,
      "vision_ms_std": 0.13616930145956901,
      "vision_ms_p50": 6.590067001525313,
      "vision_ms_p90": 6.7825137986801565,
      "vision_ms_p95": 6.805319391423836,
      "vision_ms_min": 6.4556490106042475,
      "vision_ms_max": 6.828124984167516,
      "llm_ms_mean": 177.30545699596405,
      "llm_ms_std": 1.2050951198747104,
      "llm_ms_p50": 177.69622599007562,
      "llm_ms_p90": 178.55634121224284,
      "llm_ms_p95": 178.60112761263736,
      "llm_ms_min": 175.80990598071367,
      "llm_ms_max": 178.64591401303187,
      "action_ms_mean": 0.16255020746029913,
      "action_ms_std": 0.0035659121171087026,
      "action_ms_p50": 0.16151400632224977,
      "action_ms_p90": 0.166389619698748,
      "action_ms_p95": 0.16795382252894342,
      "action_ms_min": 0.15960398013703525,
      "action_ms_max": 0.16951802535913885,
      "model_latency_ms_mean": 184.08711200463586,
      "model_latency_ms_std": 1.3313361742701584,
      "model_latency_ms_p50": 184.44780699792318,
      "model_latency_ms_p90": 185.49894741154276,
      "model_latency_ms_p95": 185.56670221150853,
      "model_latency_ms_min": 182.42725200252607,
      "model_latency_ms_max": 185.6344570114743,
      "end_to_end_latency_ms_mean": 231.1587400152348,
      "end_to_end_latency_ms_std": 27.38762733457463,
      "end_to_end_latency_ms_p50": 243.05464400094934,
      "end_to_end_latency_ms_p90": 256.32550820009783,
      "end_to_end_latency_ms_p95": 257.3367355915252,
      "end_to_end_latency_ms_min": 184.6446660347283,
      "end_to_end_latency_ms_max": 258.3479629829526,
      "peak_cuda_memory_mb": 8581.33740234375,
      "allocated_cuda_memory_mb": 8289.85546875,
      "reserved_cuda_memory_mb": 8648.0,
      "model_size_mb": 8239.776245117188,
      "theoretical_tflops": 1.424658530304,
      "effective_tflops_per_second": 7.739045470321263,
      "speedup_vs_baseline": 0.5889483213249381,
      "memory_reduction_vs_baseline": 41.829860296967084,
      "model_size_reduction_vs_baseline": 42.841952420646734,
      "tflops_mu": 279,
      "tflops_mu_tilde": 279.0,
      "tflops_flops_full": 1424658530304,
      "tflops_flops_prune": 1424658530304.0,
      "tflops_tflops_full": 1.424658530304,
      "tflops_tflops_prune": 1.424658530304,
      "tflops_flops_ratio": 1.0,
      "tflops_flops_reduction_percent": 0.0
    },
    {
      "model_name": "openvla-7b-finetuned-libero-spatial:fp8",
      "quant_method": "direct-fp8-tensorwise-scaled-mm",
      "weight_bits": 8,
      "activation_bits": 8,
      "kv_cache_bits": 16,
      "data_ms_mean": 0.065373390680179,
      "data_ms_std": 0.002855922033799429,
      "data_ms_p50": 0.06385499727912247,
      "data_ms_p90": 0.0688853906467557,
      "data_ms_p95": 0.06904019392095506,
      "data_ms_min": 0.0623319938313216,
      "data_ms_max": 0.06919499719515443,
      "preprocess_ms_mean": 18.480246205581352,
      "preprocess_ms_std": 29.864467941494556,
      "preprocess_ms_p50": 2.448638988425955,
      "preprocess_ms_p90": 49.81243461370469,
      "preprocess_ms_p95": 63.9449908165261,
      "preprocess_ms_min": 2.181429008487612,
      "preprocess_ms_max": 78.07754701934755,
      "vision_ms_mean": 6.649359595030546,
      "vision_ms_std": 0.24998867077811346,
      "vision_ms_p50": 6.572801008587703,
      "vision_ms_p90": 6.941613380331546,
      "vision_ms_p95": 7.02794017852284,
      "vision_ms_min": 6.423026992706582,
      "vision_ms_max": 7.114266976714134,
      "llm_ms_mean": 77.01704302453436,
      "llm_ms_std": 1.3714590697363704,
      "llm_ms_p50": 76.31176899303682,
      "llm_ms_p90": 78.71816464466974,
      "llm_ms_p95": 78.96955584874377,
      "llm_ms_min": 75.50898304907605,
      "llm_ms_max": 79.22094705281779,
      "action_ms_mean": 0.1692421908956021,
      "action_ms_std": 0.008633391595367664,
      "action_ms_p50": 0.1745040062814951,
      "action_ms_p90": 0.17743758508004248,
      "action_ms_p95": 0.1783727784641087,