{
  "summaries": [
    {
      "model_name": "openvla-7b-finetuned-libero-spatial:bf16",
      "quant_method": "bf16",
      "weight_bits": 16,
      "activation_bits": 16,
      "kv_cache_bits": 16,
      "data_ms_mean": 0.06099730380810797,
      "data_ms_std": 0.0072731759602842,
      "data_ms_p50": 0.05927350139245391,
      "data_ms_p90": 0.06956731376703829,
      "data_ms_p95": 0.0745276585803367,
      "data_ms_min": 0.05410800804384053,
      "data_ms_max": 0.07948800339363515,
      "preprocess_ms_mean": 39.89495019777678,
      "preprocess_ms_std": 46.20946642509535,
      "preprocess_ms_p50": 2.238631001091562,
      "preprocess_ms_p90": 96.31502969423309,
      "preprocess_ms_p95": 97.21517683938146,
      "preprocess_ms_min": 2.0911669998895377,
      "preprocess_ms_max": 98.11532398452982,
      "vision_ms_mean": 6.570752704283223,
      "vision_ms_std": 0.16064568484131225,
      "vision_ms_p50": 6.598729014513083,
      "vision_ms_p90": 6.771837899577804,
      "vision_ms_p95": 6.808750949858222,
      "vision_ms_min": 6.339887011563405,
      "vision_ms_max": 6.84566400013864,
      "llm_ms_mean": 44.34530319122132,
      "llm_ms_std": 0.3048903777232029,
      "llm_ms_p50": 44.37875549774617,
      "llm_ms_p90": 44.664262907463126,
      "llm_ms_p95": 44.78627996140858,
      "llm_ms_min": 43.948308972176164,
      "llm_ms_max": 44.90829701535404,
      "action_ms_mean": 0.14918030647095293,
      "action_ms_std": 0.013603041556960205,
      "action_ms_p50": 0.15104550402611494,
      "action_ms_p90": 0.16052229038905352,
      "action_ms_p95": 0.16816015559015793,
      "action_ms_min": 0.1281950098928064,
      "action_ms_max": 0.1757980207912624,
      "model_latency_ms_mean": 51.065236201975495,
      "model_latency_ms_std": 0.3256398082072133,
      "model_latency_ms_p50": 50.98399848793633,
      "model_latency_ms_p90": 51.48683011357207,
      "model_latency_ms_p95": 51.525404561834875,
      "model_latency_ms_min": 50.54535501403734,
      "model_latency_ms_max": 51.56397901009768,
      "end_to_end_latency_ms_mean": 91.02118370356038,
      "end_to_end_latency_ms_std": 46.382533411729725,
      "end_to_end_latency_ms_p50": 53.51031401369255,
      "end_to_end_latency_ms_p90": 147.50631870119832,
      "end_to_end_latency_ms_p95": 148.63255484960973,
      "end_to_end_latency_ms_min": 52.76240000966936,
      "end_to_end_latency_ms_max": 149.75879099802114,
      "peak_cuda_memory_mb": 8318.513671875,
      "allocated_cuda_memory_mb": 8270.40234375,
      "reserved_cuda_memory_mb": 8398.0,
      "model_size_mb": 8223.522338867188,
      "theoretical_tflops": 0.219934752768,
      "effective_tflops_per_second": 4.306936952139109,
      "speedup_vs_baseline": 1.0,
      "memory_reduction_vs_baseline": 0.0,
      "model_size_reduction_vs_baseline": 0.0,
      "tflops_mu": 87,
      "tflops_mu_tilde": 87.0,
      "tflops_flops_full": 219934752768,
      "tflops_flops_prune": 219934752768.0,
      "tflops_tflops_full": 0.219934752768,
      "tflops_tflops_prune": 0.219934752768,
      "tflops_flops_ratio": 1.0,
      "tflops_flops_reduction_percent": 0.0
    }
  ],
  "comparison": [
    {
      "model_name": "openvla-7b-finetuned-libero-spatial:bf16",
      "quant_method": "bf16",
      "model_latency_speedup": 1.0,
      "end_to_end_latency_speedup": 1.0,
      "vision_latency_speedup": 1.0,
      "llm_latency_speedup": 1.0,
      "action_latency_speedup": 1.0,
      "peak_memory_reduction_percent": 0.0,
      "model_size_reduction_percent": 0.0,
      "effective_tflops_per_second": 4.306936952139109,
      "effective_tflops_per_second_improvement": 1.0
    }
  ],
  "raw_measurements": [
    {
      "step": 0,
      "model_name": "openvla-7b-finetuned-libero-spatial:bf16",
      "quant_method": "bf16",
      "weight_bits": 16,
      "activation_bits": 16,
      "kv_cache_bits": 16,
      "data_ms": 0.07948800339363515,
      "preprocess_ms": 98.11532398452982,
      "vision_ms": 6.84566400013864,
      "llm_ms": 44.56324799684808,
      "action_ms": 0.1550670131109655,
      "model_latency_ms": 51.56397901009768,
      "end_to_end_latency_ms": 149.75879099802114
    },
    {
      "step": 1,
      "model_name": "openvla-7b-finetuned-libero-spatial:bf16",
      "quant_method": "bf16",
      "weight_bits": 16,
      "activation_bits": 16,
      "kv_cache_bits": 16,
      "data_ms": 0.06034699617885053,
      "preprocess_ms": 2.2185079869814217,
      "vision_ms": 6.339887011563405,
      "llm_ms": 44.50455796904862,
      "action_ms": 0.13754499377682805,
      "model_latency_ms": 50.98198997438885,
      "end_to_end_latency_ms": 53.260844957549125
    },
    {
      "step": 2,
      "model_name": "openvla-7b-finetuned-libero-spatial:bf16",
      "quant_method": "bf16",
      "weight_bits": 16,
      "activation_bits": 16,
      "kv_cache_bits": 16,
      "data_ms": 0.05512600182555616,
      "preprocess_ms": 2.174017979996279,
      "vision_ms": 6.394162977812812,
      "llm_ms": 44.90829701535404,
      "action_ms": 0.1757980207912624,
      "model_latency_ms": 51.47825801395811,
      "end_to_end_latency_ms": 53.707401995779946
    },
    {
      "step": 3,
      "model_name": "openvla-7b-finetuned-libero-spatial:bf16",
      "quant_method": "bf16",
      "weight_bits": 16,
      "activation_bits": 16,
      "kv_cache_bits": 16,
      "data_ms": 0.06846501491963863,
      "preprocess_ms": 2.2587540152017027,
      "vision_ms": 6.400596001185477,
      "llm_ms": 44.453917973442,
      "action_ms": 0.13149302685633302,
      "model_latency_ms": 50.98600700148381,
      "end_to_end_latency_ms": 53.313226031605154
    },
    {
      "step": 4,
      "model_name": "openvla-7b-finetuned-libero-spatial:bf16",
      "quant_method": "bf16",
      "weight_bits": 16,
      "activation_bits": 16,
      "kv_cache_bits": 16,
      "data_ms": 0.056527002016082406,
      "preprocess_ms": 2.0911669998895377,
      "vision_ms": 6.582726025953889,
      "llm_ms": 43.948308972176164,
      "action_ms": 0.1510620058979839,
      "model_latency_ms": 50.68209700402804,
      "end_to_end_latency_ms": 52.82979100593366
    },
    {
      "step": 5,
      "model_name": "openvla-7b-finetuned-libero-spatial:bf16",
      "quant_method": "bf16",
      "weight_bits": 16,
      "activation_bits": 16,
      "kv_cache_bits": 16,
      "data_ms": 0.05630499799735844,
      "preprocess_ms": 2.160739997634664,
      "vision_ms": 6.455292023019865,
      "llm_ms": 43.96186798112467,
      "action_ms": 0.1281950098928064,
      "model_latency_ms": 50.54535501403734,
      "end_to_end_latency_ms": 52.76240000966936
    },
    {
      "step": 6,
      "model_name": "openvla-7b-finetuned-libero-spatial:bf16",
      "quant_method": "bf16",
      "weight_bits": 16,
      "activation_bits": 16,
      "kv_cache_bits": 16,
      "data_ms": 0.05410800804384053,
      "preprocess_ms": 96.11499699531123,
      "vision_ms": 6.687896006042138,
      "llm_ms": 44.05448699253611,
      "action_ms": 0.14401599764823914,
      "model_latency_ms": 50.88639899622649,
      "end_to_end_latency_ms": 147.05550399958156
    },
    {
      "step": 7,
      "model_name": "openvla-7b-finetuned-libero-spatial:bf16",
      "quant_method": "bf16",
      "weight_bits": 16,
      "activation_bits": 16,
      "kv_cache_bits": 16,
      "data_ms": 0.05856200004927814,
      "preprocess_ms": 2.1064860047772527,
      "vision_ms": 6.614732003072277,
      "llm_ms": 44.117605983046815,
      "action_ms": 0.1587730075698346,
      "model_latency_ms": 50.891110993688926,
      "end_to_end_latency_ms": 53.05615899851546
    },
    {
      "step": 8,
      "model_name": "openvla-7b-finetuned-libero-spatial:bf16",
      "quant_method": "bf16",
      "weight_bits": 16,
      "activation_bits": 16,
      "kv_cache_bits": 16,
      "data_ms": 0.06106001092121005,
      "preprocess_ms": 95.93235800275579,
      "vision_ms": 6.763634999515489,
      "llm_ms": 44.303593022050336,