{
  "summaries": [
    {
      "model_name": "openvla-7b-finetuned-libero-spatial:bf16",
      "quant_method": "bf16",
      "weight_bits": 16,
      "activation_bits": 16,
      "kv_cache_bits": 16,
      "data_ms_mean": 0.05944659933447838,
      "data_ms_std": 0.00459641299987251,
      "data_ms_p50": 0.05933499778620899,
      "data_ms_p90": 0.06581231718882918,
      "data_ms_p95": 0.06668665446341038,
      "data_ms_min": 0.05195400444790721,
      "data_ms_max": 0.06756099173799157,
      "preprocess_ms_mean": 47.37014310376253,
      "preprocess_ms_std": 45.3121084084921,
      "preprocess_ms_p50": 45.071549495332874,
      "preprocess_ms_p90": 95.43252380390186,
      "preprocess_ms_p95": 95.49352489848388,
      "preprocess_ms_min": 2.0633329986594617,
      "preprocess_ms_max": 95.55452599306591,
      "vision_ms_mean": 6.458615695009939,
      "vision_ms_std": 0.21275680743455716,
      "vision_ms_p50": 6.438604497816414,
      "vision_ms_p90": 6.5982896951027215,
      "vision_ms_p95": 6.791077344678342,
      "vision_ms_min": 6.182049983181059,
      "vision_ms_max": 6.983864994253963,
      "llm_ms_mean": 33.60945550666656,
      "llm_ms_std": 0.2043748188098254,
      "llm_ms_p50": 33.545838508871384,
      "llm_ms_p90": 33.98730810440611,
      "llm_ms_p95": 33.98878453735961,
      "llm_ms_min": 33.41955502401106,
      "llm_ms_max": 33.9902609703131,
      "action_ms_mean": 0.13571220042649657,
      "action_ms_std": 0.01004667029819484,
      "action_ms_p50": 0.13604799460154027,
      "action_ms_p90": 0.14755840529687703,
      "action_ms_p95": 0.1481046958360821,
      "action_ms_min": 0.1202569983433932,
      "action_ms_max": 0.14865098637528718,
      "model_latency_ms_mean": 40.203783402103,
      "model_latency_ms_std": 0.38716745265755675,
      "model_latency_ms_p50": 40.07285500119906,
      "model_latency_ms_p90": 40.71905698510818,
      "model_latency_ms_p95": 40.91808299708646,
      "model_latency_ms_min": 39.79641100158915,
      "model_latency_ms_max": 41.117109009064734,
      "end_to_end_latency_ms_mean": 87.63337310520001,
      "end_to_end_latency_ms_std": 45.592104491882935,
      "end_to_end_latency_ms_p50": 85.48329351469874,
      "end_to_end_latency_ms_p90": 135.960621497361,
      "end_to_end_latency_ms_p95": 136.27894024830312,
      "end_to_end_latency_ms_min": 41.97012004442513,
      "end_to_end_latency_ms_max": 136.59725899924524,
      "peak_cuda_memory_mb": 6758.88671875,
      "allocated_cuda_memory_mb": 6722.337890625,
      "reserved_cuda_memory_mb": 6834.0,
      "model_size_mb": 6675.4588623046875,
      "theoretical_tflops": 0.164951064576,
      "effective_tflops_per_second": 4.102874172965813,
      "speedup_vs_baseline": 1.0,
      "memory_reduction_vs_baseline": 0.0,
      "model_size_reduction_vs_baseline": 0.0,
      "tflops_mu": 87,
      "tflops_mu_tilde": 87.0,
      "tflops_flops_full": 164951064576,
      "tflops_flops_prune": 164951064576.0,
      "tflops_tflops_full": 0.164951064576,
      "tflops_tflops_prune": 0.164951064576,
      "tflops_flops_ratio": 1.0,
      "tflops_flops_reduction_percent": 0.0
    }
  ],
  "comparison": [
    {
      "model_name": "openvla-7b-finetuned-libero-spatial:bf16",
      "quant_method": "bf16",
      "model_latency_speedup": 1.0,
      "end_to_end_latency_speedup": 1.0,
      "vision_latency_speedup": 1.0,
      "llm_latency_speedup": 1.0,
      "action_latency_speedup": 1.0,
      "peak_memory_reduction_percent": 0.0,
      "model_size_reduction_percent": 0.0,
      "effective_tflops_per_second": 4.102874172965813,
      "effective_tflops_per_second_improvement": 1.0
    }
  ],
  "raw_measurements": [
    {
      "step": 0,
      "model_name": "openvla-7b-finetuned-libero-spatial:bf16",
      "quant_method": "bf16",
      "weight_bits": 16,
      "activation_bits": 16,
      "kv_cache_bits": 16,
      "data_ms": 0.06118198507465422,
      "preprocess_ms": 95.41896800510585,
      "vision_ms": 6.983864994253963,
      "llm_ms": 33.98698000819422,
      "action_ms": 0.1462640066165477,
      "model_latency_ms": 41.117109009064734,
      "end_to_end_latency_ms": 136.59725899924524
    },
    {
      "step": 1,
      "model_name": "openvla-7b-finetuned-libero-spatial:bf16",
      "quant_method": "bf16",
      "weight_bits": 16,
      "activation_bits": 16,
      "kv_cache_bits": 16,
      "data_ms": 0.06139700417406857,
      "preprocess_ms": 95.55452599306591,
      "vision_ms": 6.514057982712984,
      "llm_ms": 33.61125203082338,
      "action_ms": 0.14865098637528718,
      "model_latency_ms": 40.27396099991165,
      "end_to_end_latency_ms": 135.88988399715163
    },
    {
      "step": 2,
      "model_name": "openvla-7b-finetuned-libero-spatial:bf16",
      "quant_method": "bf16",
      "weight_bits": 16,
      "activation_bits": 16,
      "kv_cache_bits": 16,
      "data_ms": 0.06756099173799157,
      "preprocess_ms": 88.01225700881332,
      "vision_ms": 6.54232400120236,
      "llm_ms": 33.9902609703131,
      "action_ms": 0.1422440109308809,
      "model_latency_ms": 40.67482898244634,
      "end_to_end_latency_ms": 128.75464698299766
    },
    {
      "step": 3,
      "model_name": "openvla-7b-finetuned-libero-spatial:bf16",
      "quant_method": "bf16",
      "weight_bits": 16,
      "activation_bits": 16,
      "kv_cache_bits": 16,
      "data_ms": 0.06000199937261641,
      "preprocess_ms": 2.0633329986594617,
      "vision_ms": 6.182049983181059,
      "llm_ms": 33.66323100635782,
      "action_ms": 0.1474370073992759,
      "model_latency_ms": 39.992717996938154,
      "end_to_end_latency_ms": 42.11605299497023
    },
    {
      "step": 4,
      "model_name": "openvla-7b-finetuned-libero-spatial:bf16",
      "quant_method": "bf16",
      "weight_bits": 16,
      "activation_bits": 16,
      "kv_cache_bits": 16,
      "data_ms": 0.06561802001670003,
      "preprocess_ms": 2.130841981852427,
      "vision_ms": 6.401568010915071,
      "llm_ms": 33.44963298877701,
      "action_ms": 0.1202569983433932,
      "model_latency_ms": 39.971457998035476,
      "end_to_end_latency_ms": 42.1679179999046
    },
    {
      "step": 5,
      "model_name": "openvla-7b-finetuned-libero-spatial:bf16",
      "quant_method": "bf16",
      "weight_bits": 16,
      "activation_bits": 16,
      "kv_cache_bits": 16,
      "data_ms": 0.05195400444790721,
      "preprocess_ms": 2.0835430186707526,
      "vision_ms": 6.284900999162346,
      "llm_ms": 33.41955502401106,
      "action_ms": 0.13016699813306332,
      "model_latency_ms": 39.83462302130647,
      "end_to_end_latency_ms": 41.97012004442513
    },
    {
      "step": 6,
      "model_name": "openvla-7b-finetuned-libero-spatial:bf16",
      "quant_method": "bf16",
      "weight_bits": 16,
      "activation_bits": 16,
      "kv_cache_bits": 16,
      "data_ms": 0.05371199222281575,
      "preprocess_ms": 2.1250749996397644,
      "vision_ms": 6.244733987841755,
      "llm_ms": 33.42423299909569,
      "action_ms": 0.12744401465170085,
      "model_latency_ms": 39.79641100158915,
      "end_to_end_latency_ms": 41.97519799345173
    },
    {
      "step": 7,
      "model_name": "openvla-7b-finetuned-libero-spatial:bf16",
      "quant_method": "bf16",
      "weight_bits": 16,
      "activation_bits": 16,
      "kv_cache_bits": 16,
      "data_ms": 0.058667996199801564,
      "preprocess_ms": 93.3220740116667,
      "vision_ms": 6.418058997951448,
      "llm_ms": 33.5565929999575,
      "action_ms": 0.13161299284547567,
      "model_latency_ms": 40.106264990754426,
      "end_to_end_latency_ms": 133.48700699862093
    },
    {
      "step": 8,
      "model_name": "openvla-7b-finetuned-libero-spatial:bf16",
      "quant_method": "bf16",
      "weight_bits": 16,
      "activation_bits": 16,
      "kv_cache_bits": 16,
      "data_ms": 0.05675898864865303,
      "preprocess_ms": 90.87593099684455,
      "vision_ms": 6.555447995197028,
      "llm_ms": 33.535084017785266,