{
  "summaries": [
    {
      "model_name": "openvla-7b-finetuned-libero-spatial:bf16",
      "quant_method": "bf16",
      "weight_bits": 16,
      "activation_bits": 16,
      "kv_cache_bits": 16,
      "data_ms_mean": 0.060408300487324595,
      "data_ms_std": 0.007185326334024858,
      "data_ms_p50": 0.06134499562904239,
      "data_ms_p90": 0.06946319481357932,
      "data_ms_p95": 0.07086810655891895,
      "data_ms_min": 0.04797300789505243,
      "data_ms_max": 0.07227301830425858,
      "preprocess_ms_mean": 37.10791250341572,
      "preprocess_ms_std": 43.277930801353456,
      "preprocess_ms_p50": 2.345998495002277,
      "preprocess_ms_p90": 96.57966081867926,
      "preprocess_ms_p95": 97.12074441486038,
      "preprocess_ms_min": 2.084618987282738,
      "preprocess_ms_max": 97.66182801104151,
      "vision_ms_mean": 6.770465697627515,
      "vision_ms_std": 1.1159382080802451,
      "vision_ms_p50": 6.4848309848457575,
      "vision_ms_p90": 6.967517215525731,
      "vision_ms_p95": 8.5259490966564,
      "vision_ms_min": 6.148865999421105,
      "vision_ms_max": 10.084380977787077,
      "llm_ms_mean": 22.58680840022862,
      "llm_ms_std": 0.17335549257499772,
      "llm_ms_p50": 22.57311949506402,
      "llm_ms_p90": 22.768139929394238,
      "llm_ms_p95": 22.85753647593083,
      "llm_ms_min": 22.299689968349412,
      "llm_ms_max": 22.94693302246742,
      "action_ms_mean": 0.1362634007818997,
      "action_ms_std": 0.024606201456799516,
      "action_ms_p50": 0.13610099267680198,
      "action_ms_p90": 0.1504031824879348,
      "action_ms_p95": 0.17512259364593769,
      "action_ms_min": 0.10610301978886127,
      "action_ms_max": 0.19984200480394065,
      "model_latency_ms_mean": 29.493537498638034,
      "model_latency_ms_std": 1.1661431006007275,
      "model_latency_ms_p50": 29.291803512023762,
      "model_latency_ms_p90": 29.906181496335194,
      "model_latency_ms_p95": 31.388942760531787,
      "model_latency_ms_min": 28.706810990115628,
      "model_latency_ms_max": 32.87170402472839,
      "end_to_end_latency_ms_mean": 66.66185830254108,
      "end_to_end_latency_ms_std": 43.96399182535429,
      "end_to_end_latency_ms_p50": 31.717405494418927,
      "end_to_end_latency_ms_p90": 126.25429152976722,
      "end_to_end_latency_ms_p95": 128.42409028671682,
      "end_to_end_latency_ms_min": 30.850557959638536,
      "end_to_end_latency_ms_max": 130.59388904366642,
      "peak_cuda_memory_mb": 5199.259765625,
      "allocated_cuda_memory_mb": 5174.2734375,
      "reserved_cuda_memory_mb": 5270.0,
      "model_size_mb": 5127.3953857421875,
      "theoretical_tflops": 0.109967376384,
      "effective_tflops_per_second": 3.728524473847131,
      "speedup_vs_baseline": 1.0,
      "memory_reduction_vs_baseline": 0.0,
      "model_size_reduction_vs_baseline": 0.0,
      "tflops_mu": 87,
      "tflops_mu_tilde": 87.0,
      "tflops_flops_full": 109967376384,
      "tflops_flops_prune": 109967376384.0,
      "tflops_tflops_full": 0.109967376384,
      "tflops_tflops_prune": 0.109967376384,
      "tflops_flops_ratio": 1.0,
      "tflops_flops_reduction_percent": 0.0
    }
  ],
  "comparison": [
    {
      "model_name": "openvla-7b-finetuned-libero-spatial:bf16",
      "quant_method": "bf16",
      "model_latency_speedup": 1.0,
      "end_to_end_latency_speedup": 1.0,
      "vision_latency_speedup": 1.0,
      "llm_latency_speedup": 1.0,
      "action_latency_speedup": 1.0,
      "peak_memory_reduction_percent": 0.0,
      "model_size_reduction_percent": 0.0,
      "effective_tflops_per_second": 3.728524473847131,
      "effective_tflops_per_second_improvement": 1.0
    }
  ],
  "raw_measurements": [
    {
      "step": 0,
      "model_name": "openvla-7b-finetuned-libero-spatial:bf16",
      "quant_method": "bf16",
      "weight_bits": 16,
      "activation_bits": 16,
      "kv_cache_bits": 16,
      "data_ms": 0.07227301830425858,
      "preprocess_ms": 2.0888099970761687,
      "vision_ms": 6.621199019718915,
      "llm_ms": 22.572838002815843,
      "action_ms": 0.14007999561727047,
      "model_latency_ms": 29.33411701815203,
      "end_to_end_latency_ms": 31.495200033532456
    },
    {
      "step": 1,
      "model_name": "openvla-7b-finetuned-libero-spatial:bf16",
      "quant_method": "bf16",
      "weight_bits": 16,
      "activation_bits": 16,
      "kv_cache_bits": 16,
      "data_ms": 0.0635659962426871,
      "preprocess_ms": 2.434767986414954,
      "vision_ms": 6.564782990608364,
      "llm_ms": 22.67665197723545,
      "action_ms": 0.19984200480394065,
      "model_latency_ms": 29.441276972647756,
      "end_to_end_latency_ms": 31.939610955305398
    },
    {
      "step": 2,
      "model_name": "openvla-7b-finetuned-libero-spatial:bf16",
      "quant_method": "bf16",
      "weight_bits": 16,
      "activation_bits": 16,
      "kv_cache_bits": 16,
      "data_ms": 0.06915099220350385,
      "preprocess_ms": 2.2572290035896003,
      "vision_ms": 6.274008017499,
      "llm_ms": 22.43690995965153,
      "action_ms": 0.10610301978886127,
      "model_latency_ms": 28.81702099693939,
      "end_to_end_latency_ms": 31.143400992732495
    },
    {
      "step": 3,
      "model_name": "openvla-7b-finetuned-libero-spatial:bf16",
      "quant_method": "bf16",
      "weight_bits": 16,
      "activation_bits": 16,
      "kv_cache_bits": 16,
      "data_ms": 0.05050000618211925,
      "preprocess_ms": 2.183589997002855,
      "vision_ms": 6.148865999421105,
      "llm_ms": 22.573400987312198,
      "action_ms": 0.11034199269488454,
      "model_latency_ms": 28.832608979428187,
      "end_to_end_latency_ms": 31.06669898261316
    },
    {
      "step": 4,
      "model_name": "openvla-7b-finetuned-libero-spatial:bf16",
      "quant_method": "bf16",
      "weight_bits": 16,
      "activation_bits": 16,
      "kv_cache_bits": 16,
      "data_ms": 0.04797300789505243,
      "preprocess_ms": 71.62670101388358,
      "vision_ms": 6.495427980553359,
      "llm_ms": 22.94693302246742,
      "action_ms": 0.13431799015961587,
      "model_latency_ms": 29.576678993180394,
      "end_to_end_latency_ms": 101.25135301495902
    },
    {
      "step": 5,
      "model_name": "openvla-7b-finetuned-libero-spatial:bf16",
      "quant_method": "bf16",
      "weight_bits": 16,
      "activation_bits": 16,
      "kv_cache_bits": 16,
      "data_ms": 0.06035700789652765,
      "preprocess_ms": 97.66182801104151,
      "vision_ms": 10.084380977787077,
      "llm_ms": 22.64241306693293,
      "action_ms": 0.14490998000837862,
      "model_latency_ms": 32.87170402472839,
      "end_to_end_latency_ms": 130.59388904366642
    },
    {
      "step": 6,
      "model_name": "openvla-7b-finetuned-libero-spatial:bf16",
      "quant_method": "bf16",
      "weight_bits": 16,
      "activation_bits": 16,
      "kv_cache_bits": 16,
      "data_ms": 0.05912798224017024,
      "preprocess_ms": 2.084618987282738,
      "vision_ms": 6.275605002883822,
      "llm_ms": 22.299689968349412,
      "action_ms": 0.13151601888239384,
      "model_latency_ms": 28.706810990115628,
      "end_to_end_latency_ms": 30.850557959638536
    },
    {
      "step": 7,
      "model_name": "openvla-7b-finetuned-libero-spatial:bf16",
      "quant_method": "bf16",
      "weight_bits": 16,
      "activation_bits": 16,
      "kv_cache_bits": 16,
      "data_ms": 0.055598007747903466,
      "preprocess_ms": 92.18586402130313,
      "vision_ms": 6.474233989138156,
      "llm_ms": 22.748274030163884,
      "action_ms": 0.1388629898428917,
      "model_latency_ms": 29.361371009144932,
      "end_to_end_latency_ms": 121.60283303819597
    },
    {
      "step": 8,
      "model_name": "openvla-7b-finetuned-libero-spatial:bf16",
      "quant_method": "bf16",
      "weight_bits": 16,
      "activation_bits": 16,
      "kv_cache_bits": 16,
      "data_ms": 0.06320400279946625,
      "preprocess_ms": 96.4594200195279,
      "vision_ms": 6.563738017575815,
      "llm_ms": 22.547867993125692,