{
  "summaries": [
    {
      "model_name": "openvla-7b-finetuned-libero-spatial:bf16",
      "quant_method": "bf16",
      "weight_bits": 16,
      "activation_bits": 16,
      "kv_cache_bits": 16,
      "data_ms_mean": 0.06084719789214432,
      "data_ms_std": 0.0036235211156755796,
      "data_ms_p50": 0.0595889869146049,
      "data_ms_p90": 0.06463759928010404,
      "data_ms_p95": 0.06628080154769123,
      "data_ms_min": 0.05757500184699893,
      "data_ms_max": 0.06792400381527841,
      "preprocess_ms_mean": 40.209989389404655,
      "preprocess_ms_std": 46.29950564322593,
      "preprocess_ms_p50": 2.7146129868924618,
      "preprocess_ms_p90": 97.16719598509371,
      "preprocess_ms_p95": 97.69026798312552,
      "preprocess_ms_min": 2.2402819886337966,
      "preprocess_ms_max": 98.21333998115733,
      "vision_ms_mean": 6.476463406579569,
      "vision_ms_std": 0.10364214447622747,
      "vision_ms_p50": 6.430562993045896,
      "vision_ms_p90": 6.593354610959068,
      "vision_ms_p95": 6.635579810244963,
      "vision_ms_min": 6.390227994415909,
      "vision_ms_max": 6.677805009530857,
      "llm_ms_mean": 102.13232818059623,
      "llm_ms_std": 0.30895112710818207,
      "llm_ms_p50": 102.10329995607026,
      "llm_ms_p90": 102.46784817427397,
      "llm_ms_p95": 102.50857857172377,
      "llm_ms_min": 101.63641901453957,
      "llm_ms_max": 102.54930896917358,
      "action_ms_mean": 0.17005361150950193,
      "action_ms_std": 0.005440758382787796,
      "action_ms_p50": 0.17365202074870467,
      "action_ms_p90": 0.17478601657785475,
      "action_ms_p95": 0.1748350157868117,
      "action_ms_min": 0.16181200044229627,
      "action_ms_max": 0.17488401499576867,
      "model_latency_ms_mean": 108.7788451986853,
      "model_latency_ms_std": 0.3216851275392283,
      "model_latency_ms_p50": 108.87964500579983,
      "model_latency_ms_p90": 109.06191879184917,
      "model_latency_ms_p95": 109.10772138740867,
      "model_latency_ms_min": 108.19192801136523,
      "model_latency_ms_max": 109.15352398296818,
      "end_to_end_latency_ms_mean": 149.0496817859821,
      "end_to_end_latency_ms_std": 46.40463420755315,
      "end_to_end_latency_ms_p50": 111.92757697426714,
      "end_to_end_latency_ms_p90": 206.13835058757104,
      "end_to_end_latency_ms_p95": 206.67206278885715,
      "end_to_end_latency_ms_min": 110.53323501255363,
      "end_to_end_latency_ms_max": 207.20577499014325,
      "peak_cuda_memory_mb": 14784.18115234375,
      "allocated_cuda_memory_mb": 14460.66796875,
      "reserved_cuda_memory_mb": 14842.0,
      "model_size_mb": 14415.776245117188,
      "theoretical_tflops": 1.424658530304,
      "effective_tflops_per_second": 13.096834478265066,
      "speedup_vs_baseline": 1.0,
      "memory_reduction_vs_baseline": 0.0,
      "model_size_reduction_vs_baseline": 0.0,
      "tflops_mu": 279,
      "tflops_mu_tilde": 279.0,
      "tflops_flops_full": 1424658530304,
      "tflops_flops_prune": 1424658530304.0,
      "tflops_tflops_full": 1.424658530304,
      "tflops_tflops_prune": 1.424658530304,
      "tflops_flops_ratio": 1.0,
      "tflops_flops_reduction_percent": 0.0
    },
    {
      "model_name": "openvla-7b-finetuned-libero-spatial:bnb_int8",
      "quant_method": "bitsandbytes-Linear8bitLt",
      "weight_bits": 8,
      "activation_bits": 8,
      "kv_cache_bits": 16,
      "data_ms_mean": 0.061072997050359845,
      "data_ms_std": 0.0021277870353034107,
      "data_ms_p50": 0.06050098454579711,
      "data_ms_p90": 0.06341899861581624,
      "data_ms_p95": 0.06424899329431355,
      "data_ms_min": 0.058784004068002105,
      "data_ms_max": 0.06507898797281086,
      "preprocess_ms_mean": 14.796242798911408,
      "preprocess_ms_std": 24.06843727698908,
      "preprocess_ms_p50": 2.7595889987424016,
      "preprocess_ms_p90": 39.25913459388539,
      "preprocess_ms_p95": 51.08980978839098,
      "preprocess_ms_min": 2.167569997254759,
      "preprocess_ms_max": 62.920484982896596,
      "vision_ms_mean": 6.866531790001318,
      "vision_ms_std": 0.6060436883521977,
      "vision_ms_p50": 6.589875993086025,
      "vision_ms_p90": 7.542450190521777,
      "vision_ms_p95": 7.798799593001604,
      "vision_ms_min": 6.417242984753102,
      "vision_ms_max": 8.055148995481431,
      "llm_ms_mean": 177.98217901145108,
      "llm_ms_std": 1.2227804382710021,
      "llm_ms_p50": 177.87097301334143,
      "llm_ms_p90": 179.28785402909853,
      "llm_ms_p95": 179.5266250264831,
      "llm_ms_min": 176.02098701172508,
      "llm_ms_max": 179.76539602386765,
      "action_ms_mean": 0.17834199825301766,
      "action_ms_std": 0.023052894033806566,
      "action_ms_p50": 0.16827299259603024,
      "action_ms_p90": 0.20198480924591422,
      "action_ms_p95": 0.2131544053554535,
      "action_ms_min": 0.16375500126741827,
      "action_ms_max": 0.22432400146499276,
      "model_latency_ms_mean": 185.02705279970542,
      "model_latency_ms_std": 0.7433439652997779,
      "model_latency_ms_p50": 184.623875975376,
      "model_latency_ms_p90": 185.939156007953,
      "model_latency_ms_p95": 186.14277500892058,
      "model_latency_ms_min": 184.3004600086715,
      "model_latency_ms_max": 186.34639400988817,
      "end_to_end_latency_ms_mean": 199.88436859566718,
      "end_to_end_latency_ms_std": 23.712784105005976,
      "end_to_end_latency_ms_p50": 188.4519140003249,
      "end_to_end_latency_ms_p90": 224.0382079849951,
      "end_to_end_latency_ms_p95": 235.662115982268,
      "end_to_end_latency_ms_min": 186.96276799892075,
      "end_to_end_latency_ms_max": 247.28602397954091,
      "peak_cuda_memory_mb": 8613.33740234375,
      "allocated_cuda_memory_mb": 8289.85546875,
      "reserved_cuda_memory_mb": 8664.0,
      "model_size_mb": 8239.776245117188,
      "theoretical_tflops": 1.424658530304,
      "effective_tflops_per_second": 7.699730978508394,
      "speedup_vs_baseline": 0.5879077872814634,
      "memory_reduction_vs_baseline": 41.7395030973476,
      "model_size_reduction_vs_baseline": 42.841952420646734,
      "tflops_mu": 279,
      "tflops_mu_tilde": 279.0,
      "tflops_flops_full": 1424658530304,
      "tflops_flops_prune": 1424658530304.0,
      "tflops_tflops_full": 1.424658530304,
      "tflops_tflops_prune": 1.424658530304,
      "tflops_flops_ratio": 1.0,
      "tflops_flops_reduction_percent": 0.0
    }
  ],
  "comparison": [
    {
      "model_name": "openvla-7b-finetuned-libero-spatial:bf16",
      "quant_method": "bf16",
      "model_latency_speedup": 1.0,
      "end_to_end_latency_speedup": 1.0,
      "vision_latency_speedup": 1.0,
      "llm_latency_speedup": 1.0,
      "action_latency_speedup": 1.0,
      "peak_memory_reduction_percent": 0.0,
      "model_size_reduction_percent": 0.0,
      "effective_tflops_per_second": 13.096834478265066,
      "effective_tflops_per_second_improvement": 1.0
    },
    {
      "model_name": "openvla-7b-finetuned-libero-spatial:bnb_int8",
      "quant_method": "bitsandbytes-Linear8bitLt",
      "model_latency_speedup": 0.5879077872814634,
      "end_to_end_latency_speedup": 0.7456795287853889,
      "vision_latency_speedup": 0.9431928089243327,
      "llm_latency_speedup": 0.5738345757303331,
      "action_latency_speedup": 0.953525323116786,
      "peak_memory_reduction_percent": 41.7395030973476,
      "model_size_reduction_percent": 42.841952420646734,
      "effective_tflops_per_second": 7.699730978508394,
      "effective_tflops_per_second_improvement": 0.5879077872814634
    }
  ],
  "raw_measurements": [
    {
      "step": 0,
      "model_name": "openvla-7b-finetuned-libero-spatial:bf16",
      "quant_method": "bf16",
      "weight_bits": 16,
      "activation_bits": 16,
      "kv_cache_bits": 16,
      "data_ms": 0.05944000440649688,
      "preprocess_ms": 2.7146129868924618,
      "vision_ms": 6.430562993045896,
      "llm_ms": 102.54930896917358,
      "action_ms": 0.17365202074870467,
      "model_latency_ms": 109.15352398296818,