{
  "summaries": [
    {
      "model_name": "openvla-7b-finetuned-libero-spatial:bf16",
      "quant_method": "bf16",
      "weight_bits": 16,
      "activation_bits": 16,
      "kv_cache_bits": 16,
      "data_ms_mean": 0.06026099727023393,
      "data_ms_std": 0.004676548802457981,
      "data_ms_p50": 0.06077149009797722,
      "data_ms_p90": 0.06368799949996173,
      "data_ms_p95": 0.06721599493175744,
      "data_ms_min": 0.05266498192213476,
      "data_ms_max": 0.07074399036355317,
      "preprocess_ms_mean": 21.408309799153358,
      "preprocess_ms_std": 37.33719852694613,
      "preprocess_ms_p50": 2.376610500505194,
      "preprocess_ms_p90": 95.72754151013214,
      "preprocess_ms_p95": 96.0991492451285,
      "preprocess_ms_min": 2.180485986173153,
      "preprocess_ms_max": 96.47075698012486,
      "vision_ms_mean": 6.501760601531714,
      "vision_ms_std": 0.13263866522847773,
      "vision_ms_p50": 6.497812006273307,
      "vision_ms_p90": 6.6712542087771,
      "vision_ms_p95": 6.681479109101929,
      "vision_ms_min": 6.323990994133055,
      "vision_ms_max": 6.691704009426758,
      "llm_ms_mean": 89.25483529746998,
      "llm_ms_std": 0.2700400539750063,
      "llm_ms_p50": 89.2124785023043,
      "llm_ms_p90": 89.45024339773227,
      "llm_ms_p95": 89.69985570147401,
      "llm_ms_min": 88.91473701805808,
      "llm_ms_max": 89.94946800521575,
      "action_ms_mean": 0.1625798031454906,
      "action_ms_std": 0.008045734359893524,
      "action_ms_p50": 0.16318348934873939,
      "action_ms_p90": 0.17130239284597337,
      "action_ms_p95": 0.1732886943500489,
      "action_ms_min": 0.14709102106280625,
      "action_ms_max": 0.17527499585412443,
      "model_latency_ms_mean": 95.91917570214719,
      "model_latency_ms_std": 0.29871773793747336,
      "model_latency_ms_p50": 95.8094720117515,
      "model_latency_ms_p90": 96.1925816925941,
      "model_latency_ms_p95": 96.40416134643601,
      "model_latency_ms_min": 95.55800398811698,
      "model_latency_ms_max": 96.61574100027792,
      "end_to_end_latency_ms_mean": 117.38774649857078,
      "end_to_end_latency_ms_std": 37.352137967447106,
      "end_to_end_latency_ms_p50": 98.36096702201758,
      "end_to_end_latency_ms_p90": 191.5889394178521,
      "end_to_end_latency_ms_p95": 192.11896469059866,
      "end_to_end_latency_ms_min": 97.98932398553006,
      "end_to_end_latency_ms_max": 192.64898996334523,
      "peak_cuda_memory_mb": 14557.021484375,
      "allocated_cuda_memory_mb": 14462.66015625,
      "reserved_cuda_memory_mb": 14654.0,
      "model_size_mb": 14415.776245117188,
      "theoretical_tflops": 0.439869505536,
      "effective_tflops_per_second": 4.585834921078804,
      "speedup_vs_baseline": 1.0,
      "memory_reduction_vs_baseline": 0.0,
      "model_size_reduction_vs_baseline": 0.0,
      "tflops_mu": 87,
      "tflops_mu_tilde": 87.0,
      "tflops_flops_full": 439869505536,
      "tflops_flops_prune": 439869505536.0,
      "tflops_tflops_full": 0.439869505536,
      "tflops_tflops_prune": 0.439869505536,
      "tflops_flops_ratio": 1.0,
      "tflops_flops_reduction_percent": 0.0
    }
  ],
  "comparison": [
    {
      "model_name": "openvla-7b-finetuned-libero-spatial:bf16",
      "quant_method": "bf16",
      "model_latency_speedup": 1.0,
      "end_to_end_latency_speedup": 1.0,
      "vision_latency_speedup": 1.0,
      "llm_latency_speedup": 1.0,
      "action_latency_speedup": 1.0,
      "peak_memory_reduction_percent": 0.0,
      "model_size_reduction_percent": 0.0,
      "effective_tflops_per_second": 4.585834921078804,
      "effective_tflops_per_second_improvement": 1.0
    }
  ],
  "raw_measurements": [
    {
      "step": 0,
      "model_name": "openvla-7b-finetuned-libero-spatial:bf16",
      "quant_method": "bf16",
      "weight_bits": 16,
      "activation_bits": 16,
      "kv_cache_bits": 16,
      "data_ms": 0.07074399036355317,
      "preprocess_ms": 2.3504989803768694,
      "vision_ms": 6.490997999208048,
      "llm_ms": 89.94946800521575,
      "action_ms": 0.17527499585412443,
      "model_latency_ms": 96.61574100027792,
      "end_to_end_latency_ms": 99.03698397101834
    },
    {
      "step": 1,
      "model_name": "openvla-7b-finetuned-libero-spatial:bf16",
      "quant_method": "bf16",
      "weight_bits": 16,
      "activation_bits": 16,
      "kv_cache_bits": 16,
      "data_ms": 0.06134298746474087,
      "preprocess_ms": 2.337436017114669,
      "vision_ms": 6.640334991971031,
      "llm_ms": 89.22245301073417,
      "action_ms": 0.16772100934758782,
      "model_latency_ms": 96.03050901205279,
      "end_to_end_latency_ms": 98.4292880166322
    },
    {
      "step": 2,
      "model_name": "openvla-7b-finetuned-libero-spatial:bf16",
      "quant_method": "bf16",
      "weight_bits": 16,
      "activation_bits": 16,
      "kv_cache_bits": 16,
      "data_ms": 0.06019999273121357,
      "preprocess_ms": 96.47075698012486,
      "vision_ms": 6.668982008704916,
      "llm_ms": 89.28826899500564,
      "action_ms": 0.160781986778602,
      "model_latency_ms": 96.11803299048916,
      "end_to_end_latency_ms": 192.64898996334523
    },
    {
      "step": 3,
      "model_name": "openvla-7b-finetuned-libero-spatial:bf16",
      "quant_method": "bf16",
      "weight_bits": 16,
      "activation_bits": 16,
      "kv_cache_bits": 16,
      "data_ms": 0.06290400051511824,
      "preprocess_ms": 2.180485986173153,
      "vision_ms": 6.504626013338566,
      "llm_ms": 89.07044699299149,
      "action_ms": 0.17086099251173437,
      "model_latency_ms": 95.74593399884179,
      "end_to_end_latency_ms": 97.98932398553006
    },
    {
      "step": 4,
      "model_name": "openvla-7b-finetuned-libero-spatial:bf16",
      "quant_method": "bf16",
      "weight_bits": 16,
      "activation_bits": 16,
      "kv_cache_bits": 16,
      "data_ms": 0.05812101881019771,
      "preprocess_ms": 2.3854169994592667,
      "vision_ms": 6.358332000672817,
      "llm_ms": 89.32937399367802,
      "action_ms": 0.16140201478265226,
      "model_latency_ms": 95.84910800913349,
      "end_to_end_latency_ms": 98.29264602740295
    },
    {
      "step": 5,
      "model_name": "openvla-7b-finetuned-libero-spatial:bf16",
      "quant_method": "bf16",
      "weight_bits": 16,
      "activation_bits": 16,
      "kv_cache_bits": 16,
      "data_ms": 0.056195014622062445,
      "preprocess_ms": 2.3639050195924938,
      "vision_ms": 6.352463009534404,
      "llm_ms": 89.20250399387442,
      "action_ms": 0.15085001359693706,
      "model_latency_ms": 95.70581701700576,
      "end_to_end_latency_ms": 98.12591705122031
    },
    {
      "step": 6,
      "model_name": "openvla-7b-finetuned-libero-spatial:bf16",
      "quant_method": "bf16",
      "weight_bits": 16,
      "activation_bits": 16,
      "kv_cache_bits": 16,
      "data_ms": 0.05266498192213476,
      "preprocess_ms": 2.3678040015511215,
      "vision_ms": 6.323990994133055,
      "llm_ms": 89.16377098648809,
      "action_ms": 0.1654490188229829,
      "model_latency_ms": 95.65321099944413,
      "end_to_end_latency_ms": 98.07367998291738
    },
    {
      "step": 7,
      "model_name": "openvla-7b-finetuned-libero-spatial:bf16",
      "quant_method": "bf16",
      "weight_bits": 16,
      "activation_bits": 16,
      "kv_cache_bits": 16,
      "data_ms": 0.06240999209694564,
      "preprocess_ms": 2.4460919958073646,
      "vision_ms": 6.398356985300779,
      "llm_ms": 89.0125559817534,
      "action_ms": 0.14709102106280625,
      "model_latency_ms": 95.55800398811698,
      "end_to_end_latency_ms": 98.06650597602129
    },
    {
      "step": 8,
      "model_name": "openvla-7b-finetuned-libero-spatial:bf16",
      "quant_method": "bf16",
      "weight_bits": 16,
      "activation_bits": 16,
      "kv_cache_bits": 16,
      "data_ms": 0.05635799607262015,
      "preprocess_ms": 95.64496201346628,
      "vision_ms": 6.691704009426758,
      "llm_ms": 88.91473701805808,