{
  "summaries": [
    {
      "model_name": "openvla-7b-finetuned-libero-spatial:bf16",
      "quant_method": "bf16",
      "weight_bits": 16,
      "activation_bits": 16,
      "kv_cache_bits": 16,
      "data_ms_mean": 0.06217860500328243,
      "data_ms_std": 0.005167454809627098,
      "data_ms_p50": 0.06209050479810685,
      "data_ms_p90": 0.06827691104263067,
      "data_ms_p95": 0.06929345254320651,
      "data_ms_min": 0.05490198964253068,
      "data_ms_max": 0.07030999404378235,
      "preprocess_ms_mean": 58.579363898024894,
      "preprocess_ms_std": 45.12391643642633,
      "preprocess_ms_p50": 93.40310649713501,
      "preprocess_ms_p90": 96.4945726969745,
      "preprocess_ms_p95": 97.0240953436587,
      "preprocess_ms_min": 2.2293330112006515,
      "preprocess_ms_max": 97.5536179903429,
      "vision_ms_mean": 6.583297805627808,
      "vision_ms_std": 0.14787135895956227,
      "vision_ms_p50": 6.622721994062886,
      "vision_ms_p90": 6.7506378021789715,
      "vision_ms_p95": 6.756086392852012,
      "vision_ms_min": 6.344515015371144,
      "vision_ms_max": 6.761534983525053,
      "llm_ms_mean": 85.89971029723529,
      "llm_ms_std": 0.15806360732678087,
      "llm_ms_p50": 85.88338250410743,
      "llm_ms_p90": 86.0779953218298,
      "llm_ms_p95": 86.16109815920936,
      "llm_ms_min": 85.67090204451233,
      "llm_ms_max": 86.24420099658892,
      "action_ms_mean": 0.16573269967921078,
      "action_ms_std": 0.01548597906599362,
      "action_ms_p50": 0.1675114908721298,
      "action_ms_p90": 0.1783307030564174,
      "action_ms_p95": 0.18467885529389602,
      "action_ms_min": 0.13815099373459816,
      "action_ms_max": 0.1910270075313747,
      "model_latency_ms_mean": 92.6487408025423,
      "model_latency_ms_std": 0.23859680520208873,
      "model_latency_ms_p50": 92.61286151013337,
      "model_latency_ms_p90": 92.85077971580904,
      "model_latency_ms_p95": 93.00547485036077,
      "model_latency_ms_min": 92.25069498643279,
      "model_latency_ms_max": 93.1601699849125,
      "end_to_end_latency_ms_mean": 151.29028330557048,
      "end_to_end_latency_ms_std": 45.24629483010368,
      "end_to_end_latency_ms_p50": 186.35508199804462,
      "end_to_end_latency_ms_p90": 189.1744479245972,
      "end_to_end_latency_ms_p95": 189.7731589648174,
      "end_to_end_latency_ms_min": 94.5375930168666,
      "end_to_end_latency_ms_max": 190.37187000503764,
      "peak_cuda_memory_mb": 14524.52099609375,
      "allocated_cuda_memory_mb": 14462.66015625,
      "reserved_cuda_memory_mb": 14590.0,
      "model_size_mb": 14415.776245117188,
      "theoretical_tflops": 0.2776170496,
      "effective_tflops_per_second": 2.9964470881657372,
      "speedup_vs_baseline": 1.0,
      "memory_reduction_vs_baseline": 0.0,
      "model_size_reduction_vs_baseline": 0.0,
      "tflops_mu": 55,
      "tflops_mu_tilde": 55.0,
      "tflops_flops_full": 277617049600,
      "tflops_flops_prune": 277617049600.0,
      "tflops_tflops_full": 0.2776170496,
      "tflops_tflops_prune": 0.2776170496,
      "tflops_flops_ratio": 1.0,
      "tflops_flops_reduction_percent": 0.0
    }
  ],
  "comparison": [
    {
      "model_name": "openvla-7b-finetuned-libero-spatial:bf16",
      "quant_method": "bf16",
      "model_latency_speedup": 1.0,
      "end_to_end_latency_speedup": 1.0,
      "vision_latency_speedup": 1.0,
      "llm_latency_speedup": 1.0,
      "action_latency_speedup": 1.0,
      "peak_memory_reduction_percent": 0.0,
      "model_size_reduction_percent": 0.0,
      "effective_tflops_per_second": 2.9964470881657372,
      "effective_tflops_per_second_improvement": 1.0
    }
  ],
  "raw_measurements": [
    {
      "step": 0,
      "model_name": "openvla-7b-finetuned-libero-spatial:bf16",
      "quant_method": "bf16",
      "weight_bits": 16,
      "activation_bits": 16,
      "kv_cache_bits": 16,
      "data_ms": 0.06366899469867349,
      "preprocess_ms": 2.3914740013424307,
      "vision_ms": 6.588393996935338,
      "llm_ms": 86.05952802463435,
      "action_ms": 0.1684809976723045,
      "model_latency_ms": 92.81640301924199,
      "end_to_end_latency_ms": 95.27154601528309
    },
    {
      "step": 1,
      "model_name": "openvla-7b-finetuned-libero-spatial:bf16",
      "quant_method": "bf16",
      "weight_bits": 16,
      "activation_bits": 16,
      "kv_cache_bits": 16,
      "data_ms": 0.05756501923315227,
      "preprocess_ms": 2.2293330112006515,
      "vision_ms": 6.344515015371144,
      "llm_ms": 85.74220098671503,
      "action_ms": 0.1639789843466133,
      "model_latency_ms": 92.25069498643279,
      "end_to_end_latency_ms": 94.5375930168666
    },
    {
      "step": 2,
      "model_name": "openvla-7b-finetuned-libero-spatial:bf16",
      "quant_method": "bf16",
      "weight_bits": 16,
      "activation_bits": 16,
      "kv_cache_bits": 16,
      "data_ms": 0.05834200419485569,
      "preprocess_ms": 94.93686398491263,
      "vision_ms": 6.749427004251629,
      "llm_ms": 86.24420099658892,
      "action_ms": 0.16654198407195508,
      "model_latency_ms": 93.1601699849125,
      "end_to_end_latency_ms": 188.15537597402
    },
    {
      "step": 3,
      "model_name": "openvla-7b-finetuned-libero-spatial:bf16",
      "quant_method": "bf16",
      "weight_bits": 16,
      "activation_bits": 16,
      "kv_cache_bits": 16,
      "data_ms": 0.06771599873900414,
      "preprocess_ms": 95.58462299173698,
      "vision_ms": 6.722117017488927,
      "llm_ms": 85.93308596755378,
      "action_ms": 0.13923802180215716,
      "model_latency_ms": 92.79444100684486,
      "end_to_end_latency_ms": 188.44677999732085
    },
    {
      "step": 4,
      "model_name": "openvla-7b-finetuned-libero-spatial:bf16",
      "quant_method": "bf16",
      "weight_bits": 16,
      "activation_bits": 16,
      "kv_cache_bits": 16,
      "data_ms": 0.05490198964253068,
      "preprocess_ms": 96.04061499703676,
      "vision_ms": 6.409934023395181,
      "llm_ms": 85.97752996138297,
      "action_ms": 0.17569400370121002,
      "model_latency_ms": 92.56315798847936,
      "end_to_end_latency_ms": 188.65867497515865
    },
    {
      "step": 5,
      "model_name": "openvla-7b-finetuned-libero-spatial:bf16",
      "quant_method": "bf16",
      "weight_bits": 16,
      "activation_bits": 16,
      "kv_cache_bits": 16,
      "data_ms": 0.0645540130790323,
      "preprocess_ms": 97.5536179903429,
      "vision_ms": 6.675676006125286,
      "llm_ms": 85.90110199293122,
      "action_ms": 0.17692000255919993,
      "model_latency_ms": 92.7536980016157,
      "end_to_end_latency_ms": 190.37187000503764
    },
    {
      "step": 6,
      "model_name": "openvla-7b-finetuned-libero-spatial:bf16",
      "quant_method": "bf16",
      "weight_bits": 16,
      "activation_bits": 16,
      "kv_cache_bits": 16,
      "data_ms": 0.07030999404378235,
      "preprocess_ms": 6.546882999828085,
      "vision_ms": 6.392870011040941,
      "llm_ms": 85.86566301528364,
      "action_ms": 0.13815099373459816,
      "model_latency_ms": 92.39668402005918,
      "end_to_end_latency_ms": 99.01387701393105
    },
    {
      "step": 7,
      "model_name": "openvla-7b-finetuned-libero-spatial:bf16",
      "quant_method": "bf16",
      "weight_bits": 16,
      "activation_bits": 16,
      "kv_cache_bits": 16,
      "data_ms": 0.05616500857286155,
      "preprocess_ms": 91.86934900935739,
      "vision_ms": 6.6570499911904335,
      "llm_ms": 85.7811970054172,
      "action_ms": 0.1910270075313747,
      "model_latency_ms": 92.629274004139,
      "end_to_end_latency_ms": 184.55478802206926
    },
    {
      "step": 8,
      "model_name": "openvla-7b-finetuned-libero-spatial:bf16",
      "quant_method": "bf16",
      "weight_bits": 16,
      "activation_bits": 16,
      "kv_cache_bits": 16,
      "data_ms": 0.0680510129313916,
      "preprocess_ms": 96.37690099771135,
      "vision_ms": 6.761534983525053,
      "llm_ms": 85.67090204451233,
      "action_ms": 0.16401198809035122,